nombre_cientifico,nombre_comun,origen,manejo,forma_de_vida,imagen_url,descripcion_uso
Aechmea magdalenae,Pita maguey,México a Ecuador,cultivada,hierba,https://cmncwioutljvdceyregv.supabase.co/storage/v1/object/public/plantas/Aechmea%20magdalenae.webp,Esta planta puede utilizarse tradicionalmente para tratar problemas digestivos leves y para favorecer la cicatrización de heridas superficiales. En algunas comunidades también se emplea como apoyo para aliviar inflamaciones leves.
Alibertia edulis,Castarrica,Sur de México a América tropical,silvestre,árbol,https://cmncwioutljvdceyregv.supabase.co/storage/v1/object/public/plantas/Alibertia_edulis.jpg,Los frutos de esta planta se consumen tradicionalmente como alimento nutritivo y se asocian con el fortalecimiento del organismo. Se considera útil para mejorar la digestión y apoyar en casos de debilidad general.
Allamanda cathartica,Copa de oro,Sudamérica Brasil,cultivada,hierba,https://cmncwioutljvdceyregv.supabase.co/storage/v1/object/public/plantas/Allamanda%20cathartica.jpg,Los frutos de esta planta se consumen tradicionalmente como alimento nutritivo y se asocian con el fortalecimiento del organismo. Se considera útil para mejorar la digestión y apoyar en casos de debilidad general.
Allium fistulosum L.,Cebollín blanco,Asiático,cultivada,hierba,https://cmncwioutljvdceyregv.supabase.co/storage/v1/object/public/plantas/Allium%20fistulosum%20L..webp,"Esta planta se ha utilizado en la medicina tradicional por sus propiedades purgantes. En algunas preparaciones se emplea para tratar estreñimiento y ayudar a limpiar el sistema digestivo, aunque debe utilizarse con precaución."
Allium sp aff. cepa,Cebollín morado,México a Centroamérica,cultivada,hierba,https://cmncwioutljvdceyregv.supabase.co/storage/v1/object/public/plantas/Allium%20sp%20aff.%20cepa.jpg,"El cebollín blanco puede utilizarse como apoyo en el tratamiento de resfriados leves, tos y congestión respiratoria. También se emplea para mejorar la digestión y fortalecer el sistema inmunológico.
"
Alocasia macrorrhizos,Camoteillo,Malasia,cultivada,hierba,https://cmncwioutljvdceyregv.supabase.co/storage/v1/object/public/plantas/Alocasia%20macrorrhizos.webp,"En la medicina tradicional algunas partes de esta planta se utilizan externamente para aliviar inflamaciones, dolores musculares y molestias en las articulaciones. Debe emplearse con precaución debido a sus compuestos irritantes."
Aloe vera (L.) Burm.f.,Sábila,Norte de África Islas Canarias España,cultivada,hierba,https://cmncwioutljvdceyregv.supabase.co/storage/v1/object/public/plantas/Aloe%20vera%20(L.)%20Burm.f..jpg,"La sábila es ampliamente utilizada en la medicina tradicional para tratar quemaduras, irritaciones de la piel, heridas y problemas digestivos leves. También se emplea para hidratar la piel y favorecer la cicatrización."
Alseis yucatanensis,Tabaquillo,Sureste de México a Guatemala,silvestre,árbol,https://cmncwioutljvdceyregv.supabase.co/storage/v1/object/public/plantas/Alseis%20yucatanensis.jpg,Esta planta se utiliza en algunas prácticas tradicionales para aliviar inflamaciones y molestias digestivas. También se menciona su uso como apoyo en remedios naturales para tratar infecciones leves.
Amaranthus hybridus L.,Bledo,México,cultivada/tolerada,hierba,https://cmncwioutljvdceyregv.supabase.co/storage/v1/object/public/plantas/Alseis%20yucatanensis.jpg,"El bledo se consume como planta comestible y nutritiva. Tradicionalmente se utiliza para fortalecer el organismo, ayudar en casos de anemia y favorecer la digestión."
Amaranthus spinosus L.,Bledo colorado,América tropical,silvestre,hierba,https://cmncwioutljvdceyregv.supabase.co/storage/v1/object/public/plantas/Amaranthus%20spinosus%20L..webp,"Esta planta se emplea en la medicina tradicional para tratar problemas digestivos, inflamaciones y afecciones urinarias leves. También se utiliza como apoyo para fortalecer el organismo."
Ampelocera hottlei (Standl.) Standl.,Tatuán,América tropical,silvestre,árbol,https://cmncwioutljvdceyregv.supabase.co/storage/v1/object/public/plantas/Ampelocera%20hottlei%20(Standl.)%20Standl..jpg,En algunas comunidades se emplea esta planta en preparaciones tradicionales para aliviar molestias digestivas y tratar inflamaciones leves.
Anacardium occidentale L.,Marañón,Zona tropical de Brasil,cultivada,árbol,https://cmncwioutljvdceyregv.supabase.co/storage/v1/object/public/plantas/Anacardium%20occidentale%20L..jpg,"El marañón se utiliza tradicionalmente para tratar problemas digestivos como diarrea y dolor estomacal. Además, sus hojas y corteza se emplean en remedios naturales para tratar infecciones leves y problemas de la piel."
Ananas comosus,Piña,América,cultivada,hierba,https://cmncwioutljvdceyregv.supabase.co/storage/v1/object/public/plantas/Ananas%20comosus.webp,"La piña es conocida por sus propiedades digestivas gracias a la enzima bromelina. Tradicionalmente se utiliza para mejorar la digestión, reducir inflamaciones y apoyar en el tratamiento de problemas respiratorios leves como la tos."
Annona cherimola Mill.,Saramo saramuyo,Región de los Andes,cultivada,arbusto árbol,https://cmncwioutljvdceyregv.supabase.co/storage/v1/object/public/plantas/Annona%20cherimola%20Mill..jpg,Esta planta puede utilizarse tradicionalmente como apoyo para mejorar la digestión y aliviar molestias estomacales leves.
Annona muricata L.,Guanábana,América tropical,cultivada,árbol,https://cmncwioutljvdceyregv.supabase.co/storage/v1/object/public/plantas/Annona%20muricata%20L..webp,"La guanábana se utiliza en la medicina tradicional para tratar problemas digestivos, fiebre y trastornos nerviosos leves. Sus hojas se emplean en infusiones que ayudan a promover la relajación y mejorar la calidad del sueño."
Aristolochia grandiflora,Tamoreal flor de pato,América tropical,silvestre,bejuco,https://cmncwioutljvdceyregv.supabase.co/storage/v1/object/public/plantas/Aristolochia%20grandiflora.jpg,"En algunas prácticas tradicionales esta planta se ha utilizado en remedios naturales para aliviar dolores musculares y tratar ciertas infecciones cutáneas. Sin embargo, su uso debe realizarse con precaución debido a la presencia de compuestos potencialmente tóxicos."
Aristolochia maxima,Canastilla farolito,América tropical,silvestre,bejuco,https://cmncwioutljvdceyregv.supabase.co/storage/v1/object/public/plantas/Aristolochia%20maxima.jpg,Esta planta se emplea tradicionalmente en preparaciones herbales para tratar inflamaciones y molestias digestivas. En algunas regiones también se utiliza en aplicaciones externas para aliviar dolores articulares.
Aristolochia odoratissima,Cocobá jicabal,América tropical,silvestre,bejuco,https://cmncwioutljvdceyregv.supabase.co/storage/v1/object/public/plantas/Aristolochia%20odoratissima.jpg,En la medicina tradicional se ha utilizado para tratar infecciones leves y molestias digestivas. También se menciona su uso en aplicaciones externas para aliviar inflamaciones y dolores musculares.
Aristolochia pentandra,Guaco,Cuba,silvestre,bejuco,https://cmncwioutljvdceyregv.supabase.co/storage/v1/object/public/plantas/Aristolochia%20pentandra.jpeg,"Esta planta se ha utilizado tradicionalmente para tratar afecciones respiratorias, como tos y congestión. También se asocia con el alivio de inflamaciones y dolores leves."
Arrabidaea patellifera,Guayabilio,América,silvestre,bejuco,https://cmncwioutljvdceyregv.supabase.co/storage/v1/object/public/plantas/Arrabidaea%20patellifera.jpg,En algunas comunidades se emplea en preparaciones tradicionales para aliviar inflamaciones y tratar molestias digestivas leves.
Arrabidaea verrucosa,Bejuco de agua,América,silvestre,bejuco,https://cmncwioutljvdceyregv.supabase.co/storage/v1/object/public/plantas/Arrabidaea%20verrucosa.jpg,"Si se ingiere puede provocar irritación gastrointestinal, náuseas o vómito"
Artemisia ludoviciana,Incienso verde estafiate,Estados Unidos de América México y Guatemala,cultivada,hierba,https://cmncwioutljvdceyregv.supabase.co/storage/v1/object/public/plantas/Artemisia%20ludoviciana.jpg,"Se emplea principalmente en infusiones para tratar trastornos digestivos como dolor estomacal, cólicos, diarrea e indigestión. También se ha utilizado para aliviar fiebre y algunos malestares gastrointestinales."
Asclepias curassavica,Rompe muela,Sudamérica,silvestre,hierba,https://cmncwioutljvdceyregv.supabase.co/storage/v1/object/public/plantas/Asclepias%20curassavica.jpg,"se ha utilizado en medicina tradicional para tratar afecciones respiratorias, inflamaciones y problemas digestivos. No obstante, esta planta contiene compuestos llamados glucósidos cardiacos, los cuales pueden resultar tóxicos para humanos y animales si se consumen en grandes cantidades."
Asparagus setaceus,Velo de novia,Sur de África,cultivada,bejuco,https://cmncwioutljvdceyregv.supabase.co/storage/v1/object/public/plantas/Asparagus%20setaceus.webp,"Sus bayas son tóxicas y pueden causar vómito, dolor abdominal y diarrea; además el contacto con la planta puede causar dermatitis o irritación en la piel."
Astrocaryum mexicanum Liebm. ex Mart.,Chapulí chapaya chichón,Mesoamérica,silvestre,palma,https://cmncwioutljvdceyregv.supabase.co/storage/v1/object/public/plantas/Astrocaryum%20mexicanum%20Liebm.%20ex%20Mart..jpg,"Esta planta puede utilizarse tradicionalmente como apoyo nutricional para fortalecer el organismo. Sus frutos se consumen como alimento energético y se asocian con el tratamiento de debilidad general, anemia y estados de desnutrición."
Astronium graveolens Jacq.,Jobillo,América desde México hasta Brasil,silvestre,árbol,https://cmncwioutljvdceyregv.supabase.co/storage/v1/object/public/plantas/Astronium%20graveolens%20Jacq..jpg,"Se han utilizado extractos de la corteza para tratar inflamaciones o infecciones cutáneas leves. Sin embargo, el contacto con la savia o el polvo de la madera puede causar dermatitis alérgica en personas sensibles, por lo que se recomienda precaución."
Attalea rostrata Oerst.,Corozco,Mesoamérica,cultivada,palma,https://cmncwioutljvdceyregv.supabase.co/storage/v1/object/public/plantas/Attalea%20rostrata%20Oerst..jpg,"El aceite obtenido de los frutos de esta palma puede emplearse de manera tradicional para el cuidado de la piel y el cabello. Se utiliza para tratar resequedad, irritaciones cutáneas leves y como hidratante natural."
Averrhoa carambola,Carambola,Sureste de Asia,cultivada,arbusto,https://cmncwioutljvdceyregv.supabase.co/storage/v1/object/public/plantas/Averrhoa%20carambola.jpg,"Puede causar neurotoxicidad grave en personas con enfermedad renal, generando confusión, convulsiones o vómitos si se consume en exceso."
Bactris baculifera,Chiquiyul,Mesoamérica,silvestre tolerada,palma,https://cmncwioutljvdceyregv.supabase.co/storage/v1/object/public/plantas/Bactris%20baculifera.jpg,"Los frutos de esta planta se consumen tradicionalmente como alimento nutritivo. Se consideran útiles para fortalecer el organismo y apoyar en casos de debilidad física, cansancio o falta de energía."
Bactris gracilior Burret,Guata,Mesoamérica,silvestre,palma,https://cmncwioutljvdceyregv.supabase.co/storage/v1/object/public/plantas/Bactris%20gracilior%20Burret.jpg,Esta planta puede utilizarse como complemento alimenticio tradicional. Sus frutos aportan nutrientes que ayudan a la recuperación del organismo en casos de debilidad o desgaste físico.
Bactris major var.,Jahuacte,Mesoamérica,silvestre,palma,https://cmncwioutljvdceyregv.supabase.co/storage/v1/object/public/plantas/Bactris%20major%20var..jpg,"El consumo tradicional de los frutos de esta palma se asocia con el fortalecimiento del organismo. Se considera útil como apoyo nutricional en casos de debilidad, anemia o falta de energía."
Bactris mexicana var. trichophylla (Burret),Jahuactillo,Mesoamérica,silvestre tolerada,palma,https://cmncwioutljvdceyregv.supabase.co/storage/v1/object/public/plantas/Bactris%20mexicana%20var.%20trichophylla%20(Burret).jpg,"Los frutos de esta planta pueden consumirse como alimento tradicional y se relacionan con el fortalecimiento del organismo, ayudando en casos de desnutrición o debilidad general."
Bambusa vulgaris,Bambú,Sur de Asia,cultivada,arbusto,https://cmncwioutljvdceyregv.supabase.co/storage/v1/object/public/plantas/Bambusa%20vulgaris.webp,"En la medicina tradicional asiática, las hojas y brotes se usan en infusiones para tratar fiebre y problemas respiratorios leves; los brotes jóvenes también se consumen como alimento."
Begonia heracleifolia,Meralmelindo caña de adorno,México a Guatemala,silvestre,hierba,https://cmncwioutljvdceyregv.supabase.co/storage/v1/object/public/plantas/Begonia%20heracleifolia.jpg,Algunas especies de Begonia se han usado en medicina tradicional para aliviar inflamaciones o irritaciones de la piel; su uso medicinal específico es poco documentado.
Begonia peltata,Flor de luna begonia,México,silvestre,hierba,https://cmncwioutljvdceyregv.supabase.co/storage/v1/object/public/plantas/Begonia%20peltata.jpg,"Contienen oxalatos, por lo que ingerirlas puede causar irritación de boca y garganta, náuseas y vómito."
Bidens pilosa,Margarita,América austral,cultivada,hierba,https://cmncwioutljvdceyregv.supabase.co/storage/v1/object/public/plantas/Bidens%20pilosa.jpg,"Utilizada en medicina tradicional para tratar infecciones leves, inflamación y problemas digestivos; también se estudian sus propiedades antimicrobianas."
Bixa orellana,Achiote,México Centro y Suramérica,cultivada,arbusto,https://cmncwioutljvdceyregv.supabase.co/storage/v1/object/public/plantas/Bixa%20orellana.jpg,"Las semillas y hojas se usan tradicionalmente para tratar afecciones digestivas, fiebre y problemas de la piel; además es conocido como colorante natural."
Blepharidium guatemalense,Popiste popistle,Sureste de México a Guatemala,silvestre,arbusto,https://cmncwioutljvdceyregv.supabase.co/storage/v1/object/public/plantas/Blepharidium%20guatemalense.jpg,Ingerir partes de la planta puede provocar malestar digestivo leve.
Bougainvillea spectabilis,Buganvilia,Andes en Ecuador a sur de Brasil,cultivada,arbusto,https://cmncwioutljvdceyregv.supabase.co/storage/v1/object/public/plantas/Bougainvillea%20spectabilis.jpg,"Las flores se utilizan en infusiones tradicionales para aliviar tos, gripe y problemas respiratorios leves."
Brachiaria brizantha,Pasto insurgente,África,cultivada,hierba,https://cmncwioutljvdceyregv.supabase.co/storage/v1/object/public/plantas/Brachiaria%20brizantha.jpg,Gramínea utilizada principalmente como forraje para ganado; no se reportan usos medicinales importantes en humanos.
Brassica integrifolia,Coliflor,Sur de Asia,cultivada,hierba,https://cmncwioutljvdceyregv.supabase.co/storage/v1/object/public/plantas/Brassica%20integrifolia.jpg,Consumida como alimento nutritivo rico en vitaminas y antioxidantes; se asocia con beneficios digestivos y prevención de enfermedades.
Brassica juncea,Mostaza,Sur de Asia,cultivada,hierba,https://cmncwioutljvdceyregv.supabase.co/storage/v1/object/public/plantas/Brassica%20juncea.jpg,Las semillas y hojas se usan en alimentación y en medicina tradicional como estimulante digestivo y antiinflamatorio; en exceso puede irritar la piel o mucosas.
Breynia disticha,Vejez y juventud,Nueva Caledonia Vanuatu,cultivada,hierba,https://cmncwioutljvdceyregv.supabase.co/storage/v1/object/public/plantas/Breynia%20disticha.jpg,"Su ingestión puede provocar náuseas, vómitos o irritación gastrointestinal."
Bromelia karatas,Piñuela (tierra),América tropical,tolerada,hierba,https://cmncwioutljvdceyregv.supabase.co/storage/v1/object/public/plantas/Bromelia%20karatas.jpg,"El fruto y otras partes se han utilizado tradicionalmente para tratar infecciones respiratorias, tos y problemas digestivos leves."
Brugmansia × candida Pers.,Campana,Ecuador Chile y Perú,cultivada,arbusto,https://cmncwioutljvdceyregv.supabase.co/storage/v1/object/public/plantas/Bucida%20buceras.jpg,"Planta con alcaloides tropánicos usada en rituales tradicionales; es altamente tóxica y su consumo puede causar alucinaciones, intoxicación grave o incluso la muerte."
Bucida buceras,Pucté pukte,Islas del Caribe y sureste de México,silvestre,árbol,https://cmncwioutljvdceyregv.supabase.co/storage/v1/object/public/plantas/Bursera%20graveolens.jpg,Árbol utilizado principalmente por su madera resistente; en medicina tradicional algunas partes se han empleado para tratar infecciones leves y problemas digestivos.
Bursera graveolens,Sasafrás,Costa Pacífica de Sudamérica,silvestre,árbol,https://cmncwioutljvdceyregv.supabase.co/storage/v1/object/public/plantas/Bursera%20simaruba.jpg,La madera aromática se usa en sahumerios tradicionales y se le atribuyen propiedades relajantes; el aceite esencial puede causar irritación si se usa en exceso.
Bursera simaruba,Palo mulato,América tropical,silvestre,árbol,https://cmncwioutljvdceyregv.supabase.co/storage/v1/object/public/plantas/Calatola%20laevigata.jpg,"La corteza se ha utilizado en medicina tradicional para tratar fiebre, diarrea e inflamaciones leves; también se emplea en remedios para afecciones de la piel."
Calatola laevigata,Coscorrón (Tacotalpa),México y Costa Rica,silvestre,árbol,https://cmncwioutljvdceyregv.supabase.co/storage/v1/object/public/plantas/Calophyllum%20brasiliense.jpg,Consumir partes de la planta podría causar irritación estomacal o digestiva.
Calophyllum brasiliense,Bari,América,silvestre cultivada,árbol,https://cmncwioutljvdceyregv.supabase.co/storage/v1/object/public/plantas/Calyptronoma%20ghiesbreghtiana%20(Linden%20&%20H.Wendl.).jpg,"La resina y corteza se han usado tradicionalmente para tratar inflamaciones, heridas e infecciones cutáneas; algunos extractos pueden causar irritación."
Calyptronoma ghiesbreghtiana (Linden & H.Wendl.),Guano de talíz,Mesoamérica,silvestre,palma,https://cmncwioutljvdceyregv.supabase.co/storage/v1/object/public/plantas/Camellia%20japonica%20L..jpg,En algunas prácticas tradicionales esta planta se utiliza como apoyo para el bienestar digestivo. Puede emplearse en preparaciones caseras destinadas a aliviar molestias digestivas leves.
Camellia japonica L.,Camelia,Japón,cultivada,hierba,https://cmncwioutljvdceyregv.supabase.co/storage/v1/object/public/plantas/Canna%20indica.jpg,"Planta ornamental; algunas especies del género Camellia contienen antioxidantes, pero esta especie se cultiva principalmente con fines decorativos."
Canna indica,Bandera,Cosmopolita tropical,silvestre cultivada,hierba,https://cmncwioutljvdceyregv.supabase.co/storage/v1/object/public/plantas/Capraria%20biflora%20L..jpg,Los rizomas se han utilizado como alimento y en medicina tradicional para tratar inflamaciones leves y problemas digestivos.
Capraria biflora L.,Esclavosa,América tropical,cultivada silvestre,hierba,https://cmncwioutljvdceyregv.supabase.co/storage/v1/object/public/plantas/Capsicum%20annuum%20L..jpg,"En la medicina tradicional se emplea en infusiones para tratar fiebre, infecciones leves y problemas digestivos."
Capsicum annuum L.,Chile dulce,México,cultivada,hierba,https://cmncwioutljvdceyregv.supabase.co/storage/v1/object/public/plantas/Capsicum%20annuum%20var.%20glabriusculum%20(Dunal)%20Heiser%20&%20Pickersgill.jpg,Fruto rico en vitaminas; se utiliza en alimentación y en remedios tradicionales para estimular la digestión y mejorar la circulación.
Capsicum annuum var. glabriusculum (Dunal) Heiser & Pickersgill,Chile amashito,México,cultivada,hierba,https://cmncwioutljvdceyregv.supabase.co/storage/v1/object/public/plantas/Capsicum%20annuum%20var.%20glabriusculum%20(Dunal)%20Heiser%20&%20Pickersgill.jpg,"Chile silvestre muy usado en la cocina regional; contiene capsaicina, que puede estimular la digestión pero causar irritación en exceso."
Capsicum chinense Jacq.,Chile habanero,México y el Caribe,cultivada,hierba,https://cmncwioutljvdceyregv.supabase.co/storage/v1/object/public/plantas/Capsicum%20chinense%20Jacq..jpg,"Chile muy picante usado en la alimentación; la capsaicina puede estimular la digestión, pero en exceso provoca irritación gastrointestinal o de la piel."
Carica papaya,Papaya,América tropical,cultivada,arbusto,https://cmncwioutljvdceyregv.supabase.co/storage/v1/object/public/plantas/Carica%20papaya.jpg,El fruto se consume como alimento y ayuda a la digestión por su enzima papaína; las semillas se usan tradicionalmente contra parásitos intestinales.
Casuarina equisetifolia,Pino,Australia sur de Asia,cultivada,árbol,https://cmncwioutljvdceyregv.supabase.co/storage/v1/object/public/plantas/Casuarina%20equisetifolia.jpg,Árbol usado principalmente para reforestación y madera; algunas infusiones tradicionales de la corteza se han usado para tratar diarrea.
Cecropia obtusifolia,Guarumo,América tropical,silvestre,árbol,https://cmncwioutljvdceyregv.supabase.co/storage/v1/object/public/plantas/Cecropia%20obtusifolia.jpg,"Las hojas se usan en medicina tradicional para tratar diabetes, problemas respiratorios y presión arterial alta."
Ceiba pentandra,Ceiba,América tropical,silvestre tolerada,árbol,https://cmncwioutljvdceyregv.supabase.co/storage/v1/object/public/plantas/Ceiba%20pentandra.jpg,"Árbol sagrado en Mesoamérica; la corteza y hojas se han usado tradicionalmente para tratar inflamaciones, fiebre y heridas leves."
Celosia argentea L.,Mano de león cresta de gallo,América tropical,cultivada,hierba,https://cmncwioutljvdceyregv.supabase.co/storage/v1/object/public/plantas/Celosia%20argentea%20L..jpg,"En medicina tradicional se han utilizado semillas y hojas para tratar infecciones oculares, diarrea y problemas inflamatorios."
Ceratozamia euryphyllidia Vazq. Torres Sabato & D.W.Stev.,Palmita,México,silvestre,palma,https://cmncwioutljvdceyregv.supabase.co/storage/v1/object/public/plantas/Ceratozamia%20euryphyllidia%20Vazq.%20Torres%20Sabato%20&%20D.W.Stev..jpg,"Como otras cícadas, contiene toxinas (cicasina) que pueden provocar: vómitos y diarrea, daño hepático, intoxicación severa si se ingiere. "
Ceratozamia mexicana Brongn.,Palmita,México,silvestre,palma,https://cmncwioutljvdceyregv.supabase.co/storage/v1/object/public/plantas/Ceratozamia%20mexicana%20Brongn..jpg,"Tóxica; ingerirla puede causar daño hepático, vómitos y problemas neurológicos."
Cestrum racemosum Ruiz & Pav.,Amargoso,México y el Caribe,silvestre tolerada,hierba,https://cmncwioutljvdceyregv.supabase.co/storage/v1/object/public/plantas/Cestrum%20racemosum%20Ruiz%20&%20Pav..jpg,"Algunas especies del género se han usado tradicionalmente para tratar infecciones o inflamaciones, pero varias pueden ser tóxicas si se ingieren."
Chamaedorea alternans H.Wendl.,Guaya de cerro,Mesoamérica,cultivada,palma,https://cmncwioutljvdceyregv.supabase.co/storage/v1/object/public/plantas/Chamaedorea%20alternans%20H.Wendl..jpg,"pueden causar malestar digestivo leve, en algunos casos irritación de boca o estómago."
Chamaedorea arenbergiana Mart.,Guaya rara,Mesoamérica,silvestre,palma,https://cmncwioutljvdceyregv.supabase.co/storage/v1/object/public/plantas/Chamaedorea%20arenbergiana%20Mart..jpg,pueden causar malestar digestivo leve y en algunos casos irritación de boca o estómago.
Chamaedorea cataractarum Mart.,Chibé guayita de río,Sur México,silvestre tolerada,palma,https://cmncwioutljvdceyregv.supabase.co/storage/v1/object/public/plantas/Chamaedorea%20cataractarum%20Mart..jpg,pueden causar malestar digestivo leve y en algunos casos irritación de boca o estómago.
Chamaedorea elatior Mart.,Matambilla lisa,Mesoamérica,silvestre,bejico,https://cmncwioutljvdceyregv.supabase.co/storage/v1/object/public/plantas/Chamaedorea%20elatior%20Mart..jpg,pueden causar malestar digestivo leve y en algunos casos irritación de boca o estómago.
Chamaedorea elegans,Camedor,América tropical,cultivada,palma,https://cmncwioutljvdceyregv.supabase.co/storage/v1/object/public/plantas/Chamaedorea%20elegans.jpg,pueden causar malestar digestivo leve y en algunos casos irritación de boca o estómago.
Chamaedorea ernesti-augusti,Cola de macabí,Mesoamérica,silvestre tolerada,palma,https://cmncwioutljvdceyregv.supabase.co/storage/v1/object/public/plantas/Chamaedorea%20ernesti-augusti.jpg,pueden causar malestar digestivo leve y en algunos casos irritación de boca o estómago.
Chamaedorea oblongata,Xaté cola de pescado,México a Honduras,cultivada,palma,https://cmncwioutljvdceyregv.supabase.co/storage/v1/object/public/plantas/Chamaedorea%20oblongata.jpg,pueden causar malestar digestivo leve y en algunos casos irritación de boca o estómago.
Chamaedorea sartorii,Moj-ito,Mesoamérica,silvestre,palma,https://cmncwioutljvdceyregv.supabase.co/storage/v1/object/public/plantas/Chamaedorea%20sartorii.jpg,pueden causar malestar digestivo leve y en algunos casos irritación de boca o estómago.
Chenopodium ambrosioides,Epazote,América,silvestre cultivada,hierba,https://cmncwioutljvdceyregv.supabase.co/storage/v1/object/public/plantas/Chenopodium%20ambrosioides.jpg,Planta muy usada en la cocina y medicina tradicional para tratar parásitos intestinales y problemas digestivos; su aceite esencial puede ser tóxico en dosis altas.
Chrysobalanus icaco,Icaco,México,cultivada,arbusto,https://cmncwioutljvdceyregv.supabase.co/storage/v1/object/public/plantas/Chrysobalanus%20icaco.jpg,El fruto se consume como alimento y las hojas se han usado tradicionalmente para ayudar a controlar la glucosa en la sangre.
Chrysophyllum cainito L.,Caimito,Belice Caribe,silvestre,arbol,https://cmncwioutljvdceyregv.supabase.co/storage/v1/object/public/plantas/Chrysophyllum%20cainito%20L..jpg,El fruto es comestible y nutritivo; las hojas y corteza se han utilizado en medicina tradicional para tratar inflamaciones y problemas digestivos.
Cissus sicyoides L.,Bejuco loco,América tropical,silvestre,bejuco,https://cmncwioutljvdceyregv.supabase.co/storage/v1/object/public/plantas/Cissus%20sicyoides%20L..jpg,"En la medicina tradicional se usa en infusiones para tratar diabetes, inflamación y problemas circulatorios."
Citrullus vulgaris,Sandía,Asia y África tropical,cultivada,hierba,https://cmncwioutljvdceyregv.supabase.co/storage/v1/object/public/plantas/Citrullus%20vulgaris.jpg,Fruto hidratante rico en vitaminas y antioxidantes; se consume para favorecer la hidratación y la salud cardiovascular.
Citrus aurantium,Naranja agria,Asia tropical,cultivada,árbol,https://cmncwioutljvdceyregv.supabase.co/storage/v1/object/public/plantas/Citrus%20aurantium.jpg,El fruto y la cáscara se usan en infusiones para problemas digestivos y resfriados; algunos extractos pueden afectar la presión arterial si se consumen en exceso.
Citrus grandis,Naranja agria,Sureste asiático,cultivada,árbol,https://cmncwioutljvdceyregv.supabase.co/storage/v1/object/public/plantas/CITRUS-GRANDIS.jpg,El fruto se consume fresco y en infusiones; se usa tradicionalmente para favorecer la digestión y aportar vitamina C.
Citrus limetta Risso,Lima lima dulce,Asia tropical,cultivada,arbol,https://cmncwioutljvdceyregv.supabase.co/storage/v1/object/public/plantas/Citrus%20limetta%20Risso.jpg,Fruto cítrico consumido como alimento y en bebidas; se usa tradicionalmente para aliviar malestares digestivos leves.
Citrus limon (L.) Burm.f.,Limon,Sureste asiatico,cultivada,arbol,https://cmncwioutljvdceyregv.supabase.co/storage/v1/object/public/plantas/Citrus%20limon%20(L.)%20Burm.f..jpg,"Muy utilizado en alimentación y remedios caseros para resfriados, digestión y desinfección leve por su contenido de vitamina C."
Citrus medica L.,Limon real limon de conserva,Sureste asiatico,cultivada,arbol,https://cmncwioutljvdceyregv.supabase.co/storage/v1/object/public/plantas/Citrus%20medica%20L..jpg,El fruto y la cáscara se utilizan en dulces e infusiones tradicionales para problemas digestivos y resfriados.
Citrus nobilis Lour.,Mandarina,Indochina,cultivada,arbol,https://cmncwioutljvdceyregv.supabase.co/storage/v1/object/public/plantas/Mandarina.jpg,Fruto rico en vitamina C; se consume para fortalecer el sistema inmunológico y favorecer la digestión.
Citrus paradisi Macfad.,Toronja,Sureste asiatico,cultivada,arbol,https://cmncwioutljvdceyregv.supabase.co/storage/v1/object/public/plantas/Citrus%20paradisi%20Macfad..jpg,"Consumida fresca o en jugo; rica en antioxidantes, aunque puede interactuar con algunos medicamentos."
Citrus sinensis (L.) Osbeck,Naranja,China sureste de Asia,cultivada,arbol,https://cmncwioutljvdceyregv.supabase.co/storage/v1/object/public/plantas/Citrus%20sinensis%20(L.)%20Osbeck.jpg,Fruto muy consumido por su aporte de vitamina C; se usa para fortalecer el sistema inmunológico y prevenir resfriados.
Cochlospermum vitifolium,Pochote,América tropical,silvestre,arbusto,https://cmncwioutljvdceyregv.supabase.co/storage/v1/object/public/plantas/Cochlospermum%20vitifolium.jpg,"La corteza y flores se han usado en medicina tradicional para tratar inflamaciones, fiebre y afecciones respiratorias."
Cocos nucifera L.,Coco,Islas del Pacífico,cultivada,palma,https://cmncwioutljvdceyregv.supabase.co/storage/v1/object/public/plantas/Cocos%20nucifera%20L..jpg,El agua y la pulpa se consumen como alimento nutritivo; tradicionalmente se usa para hidratación y cuidado de la piel.
Coffea arabica,Café,Etiopía,cultivada,arbusto,https://cmncwioutljvdceyregv.supabase.co/storage/v1/object/public/plantas/Coffea%20arabica.jpg,Las semillas se consumen como bebida estimulante por su contenido de cafeína; el exceso puede causar nerviosismo o insomnio.
Coix lacryma-jobi,Cuentita lagrimita de la virgen,Sur de Asia,escapada de cultivo,hierba,https://cmncwioutljvdceyregv.supabase.co/storage/v1/object/public/plantas/Coix%20lacryma-jobi.jpg,Semillas usadas en algunas tradiciones medicinales y alimenticias; se han empleado para problemas digestivos y como diurético suave.
Colocasia esculenta (L.) Schott,Malanga,Asia tropical,cultivada,hierba,https://cmncwioutljvdceyregv.supabase.co/storage/v1/object/public/plantas/Colocasia%20esculenta%20(L.)%20Schott.jpg,Rizoma comestible rico en carbohidratos; se consume como alimento nutritivo y fuente de energía. Debe cocinarse bien para evitar irritación por oxalatos.
Cordia alliodora,Bojón,América tropical,silvestre,árbol,https://cmncwioutljvdceyregv.supabase.co/storage/v1/object/public/plantas/Cordia%20alliodora.jpg,Árbol conocido por su madera; algunas preparaciones tradicionales de la corteza se han usado para tratar infecciones leves o inflamaciones.
Cordia dodecandra,Sincote ciricote,América tropical,silvestre,árbol,https://cmncwioutljvdceyregv.supabase.co/storage/v1/object/public/plantas/Cordia%20dodecandra.jpg,El fruto se consume en dulces tradicionales; en algunas regiones se emplea en remedios caseros para problemas digestivos.
Cordia sebestena,Candelero roble blanco,América tropical,cultivada,árbol,https://cmncwioutljvdceyregv.supabase.co/storage/v1/object/public/plantas/Cordia%20sebestena.jpg,Planta ornamental; en medicina tradicional algunas partes se han usado para tratar tos e inflamaciones leves.
Coriandrum sativum L.,Cilantro,Mediterráneo,cultivada,hierba,https://cmncwioutljvdceyregv.supabase.co/storage/v1/object/public/plantas/Coriandrum%20sativum%20L..jpg,Hierba culinaria utilizada para favorecer la digestión y aliviar gases intestinales; también aporta compuestos antioxidantes.
Costus pulverulentus,Cañita agria (Tepeap),México Centroamérica y Sudamérica,silvestre,arbusto,https://cmncwioutljvdceyregv.supabase.co/storage/v1/object/public/plantas/Costus%20pulverulentus.jpg,"En medicina tradicional se usa en infusiones para tratar problemas digestivos, inflamación y afecciones urinarias."
Costus spicatus,Cañita agria (Lacu),México,silvestre,hierba,https://cmncwioutljvdceyregv.supabase.co/storage/v1/object/public/plantas/Costus%20spicatus.jpg,"Planta usada tradicionalmente para tratar problemas renales, inflamación y diabetes en algunas comunidades."
Couepia polyandra,Uspí uspio,México a América Central,tolerada,árbol,https://cmncwioutljvdceyregv.supabase.co/storage/v1/object/public/plantas/Couepia%20polyandra.jpg,Consumir partes no comestibles de la planta puede provocar náuseas o irritación gastrointestinal.
Crescentia alata,Coquito de jimba B&K,América,silvestre tolerada,árbol,https://cmncwioutljvdceyregv.supabase.co/storage/v1/object/public/plantas/Crescentia%20alata.jpg,en medicina tradicional algunas partes se han usado para tratar tos y afecciones respiratorias.
Crescentia cujete,Jícara jícaro,América tropical,silvestre,árbol,https://cmncwioutljvdceyregv.supabase.co/storage/v1/object/public/plantas/Crescentia%20cujete.jpg,"la pulpa se ha utilizado tradicionalmente para tratar tos, resfriados y problemas respiratorios."
Cryosophila stauracantha (Heynh.) R.J.Evans,Miste mis-te escoba,Mesoamérica,silvestre,palma,https://cmncwioutljvdceyregv.supabase.co/storage/v1/object/public/plantas/Cryosophila%20stauracantha%20(Heynh.)%20R.J.Evans.jpg,"No se considera venenosa, pero ingerir hojas o frutos puede causar malestar digestivo."
Cucumis sativus,Pepino,Centro-oeste China,cultivada,hierba,https://cmncwioutljvdceyregv.supabase.co/storage/v1/object/public/plantas/Cucumis%20sativus.jpg,Fruto consumido como alimento refrescante; se usa tradicionalmente para hidratación y cuidado de la piel.
Cucurbita argyrosperma,Chigua,México y Guatemala,cultivada,hierba,https://cmncwioutljvdceyregv.supabase.co/storage/v1/object/public/plantas/Cucurbita%20argyrosperma%20subsp..jpg,las semillas se usan tradicionalmente para problemas digestivos y parásitos.
Cucurbita argyrosperma subsp.,Guano de sombrero soyaal,Sureste de México a Bolivia,silvestre,hierba,https://cmncwioutljvdceyregv.supabase.co/storage/v1/object/public/plantas/Cucurbita%20argyrosperma.jpg,"Las semillas y fruto suelen ser comestibles, pero si contienen cucurbitacinas pueden provocar náuseas, vómitos y diarrea."
Cucurbita moschata,Calabaza,América tropical,cultivada,hierba,https://cmncwioutljvdceyregv.supabase.co/storage/v1/object/public/plantas/Cucurbita%20moschata.jpg,las semillas se han usado tradicionalmente para tratar parásitos intestinales.
Cupania dentata Moc. & Sesse ex DC.,Quiebradacha jaboncillo,Mexico Honduras,silvestre,arbusto,https://cmncwioutljvdceyregv.supabase.co/storage/v1/object/public/plantas/Cupania%20dentata%20Moc.%20&%20Sesse%20ex%20DC..jpg,Árbol tropical cuyas semillas y corteza se han usado en medicina tradicional para afecciones de la piel.
Cyclamen europaeum,Violeta de los Alpes flor de tierra,Europa,cultivada,hierba,https://cmncwioutljvdceyregv.supabase.co/storage/v1/object/public/plantas/Cyclamen%20europaeum.jpg,"Sus tubérculos contienen saponinas que pueden causar vómitos, diarrea e irritación intestinal."
Cydista aequinoctialis,Flor de ajo bejuco de ajo,América tropical,cultivada,bejuco,https://cmncwioutljvdceyregv.supabase.co/storage/v1/object/public/plantas/Cydista%20aequinoctialis.jpg,"En medicina tradicional se usa en infusiones para tratar resfriados, inflamación y algunas infecciones."
Cymbopogon citratus,Zacate limón,Sur de India y Ceilán,cultivada,hierba,https://cmncwioutljvdceyregv.supabase.co/storage/v1/object/public/plantas/Cymbopogon%20citratus.jpg,"Muy usado en infusiones para aliviar problemas digestivos, nerviosismo y resfriados leves."
Dactyloctenium aegyptium,Zacate estrella,África,cultivada,hierba,https://cmncwioutljvdceyregv.supabase.co/storage/v1/object/public/plantas/Dactyloctenium%20aegyptium.jpg,Pasto no comestible para humanos; ingerirlo puede causar irritación digestiva leve.
Dahlia variabilis,Dalia,Centroamérica,cultivada,hierba,https://cmncwioutljvdceyregv.supabase.co/storage/v1/object/public/plantas/Dahlia%20variabilis.jpg,"Los tubérculos de algunas dalias pueden comerse, pero normalmente no se consumen; ingerir partes puede causar malestar estomacal leve."
Eichhornia crassipes,Lirio acuático,Sur de América tropical,silvestre,hierba,https://cmncwioutljvdceyregv.supabase.co/storage/v1/object/public/plantas/Eichhornia%20crassipes.JPG,Planta acuática usada en algunos lugares para tratar inflamaciones o problemas cutáneos.
Eleusine indica,Zacate alemán,África,cultivada,hierba,https://cmncwioutljvdceyregv.supabase.co/storage/v1/object/public/plantas/Eleusine%20indica.jpg,Hierba usada en medicina tradicional en algunas regiones para tratar fiebre y problemas digestivos.
Epaltes mexicana,Hoja de sapo hierba del topo,México,silvestre,hierba,https://cmncwioutljvdceyregv.supabase.co/storage/v1/object/public/plantas/Epaltes%20mexicana.jpg,"En medicina tradicional se emplea para tratar infecciones, inflamaciones y afecciones de la piel."
Eryngium foetidum L.,Perejil,México y Centroamérica,cultivada/silvestre,hierba,https://cmncwioutljvdceyregv.supabase.co/storage/v1/object/public/plantas/Eryngium%20foetidum%20L..jpg,"Hierba aromática usada en la cocina y en medicina tradicional para aliviar problemas digestivos, resfriados y fiebre."
Escobedia linearis Schltdl.,Azafranillo,América tropical,cultivada,hierba,https://cmncwioutljvdceyregv.supabase.co/storage/v1/object/public/plantas/Escobedia%20linearis%20Schltdl..jpg,Planta utilizada en medicina tradicional para tratar infecciones leves y problemas digestivos; también se ha empleado en remedios para la piel.
Eupatorium morifolium,Hoja de viento (Centro),América tropical,silvestre,hierba,https://cmncwioutljvdceyregv.supabase.co/storage/v1/object/public/plantas/Eupatorium%20morifolium.jpg,"En algunas regiones se usa en infusiones tradicionales para tratar fiebre, inflamación y malestares respiratorios."
Foeniculum vulgare P. Mill.,Hinojo,Sur de Europa,cultivada,hierba,https://cmncwioutljvdceyregv.supabase.co/storage/v1/object/public/plantas/Foeniculum%20vulgare%20P.%20Mill..jpg,"Las semillas se usan en infusiones para aliviar gases, cólicos y problemas digestivos; también se emplea como expectorante suave."
Garcinia intermedia,Limoncillo limón de montaña,América,cultivada,arbusto,https://cmncwioutljvdceyregv.supabase.co/storage/v1/object/public/plantas/Garcinia%20intermedia.jpg,El fruto es comestible; no se conocen efectos tóxicos si se consume normalmente.
Gardenia jasminoides,Gardenia,Sur de Asia,cultivada,arbusto,https://cmncwioutljvdceyregv.supabase.co/storage/v1/object/public/plantas/Gardenia%20jasminoides.webp,En medicina tradicional asiática algunas partes se han usado para tratar fiebre e inflamaciones.
Genipa americana,Jagua,Noreste de Sudamérica,silvestre cultivada,árbol,https://cmncwioutljvdceyregv.supabase.co/storage/v1/object/public/plantas/Genipa%20americana.jpeg,en medicina tradicional se ha usado para tratar infecciones y problemas digestivos.
Geonoma interrupta,Polaí sacúb palma de chicle,América tropical,silvestre,palma,https://cmncwioutljvdceyregv.supabase.co/storage/v1/object/public/plantas/Geonoma%20interrupta.jpg,No se consume; ingerir partes vegetales puede causar malestar digestivo.
Geophila macropoda,Chocolatillo,América tropical,silvestre,arbusto,https://cmncwioutljvdceyregv.supabase.co/storage/v1/object/public/plantas/Geophila%20macropoda.jpg,algunos usos tradicionales la mencionan para tratar inflamaciones leves.
Gomphrena serrata L.,Siempreviva bacalillo,México,cultivada,hierba,https://cmncwioutljvdceyregv.supabase.co/storage/v1/object/public/plantas/Gomphrena%20serrata%20L..jpg,"En medicina tradicional se utiliza para tratar inflamaciones, infecciones leves y afecciones respiratorias."
Gonolobus uniflorus,Paloma palomita,América tropical,cultivada,bejuco,https://cmncwioutljvdceyregv.supabase.co/storage/v1/object/public/plantas/Gonolobus%20uniflorus.jpg,Puede contener compuestos similares a los de las asclepiadáceas; ingerirla puede causar náuseas o toxicidad leve.
Guazuma ulmifolia Lam.,Guácimo,América tropical,silvestre,árbol,https://cmncwioutljvdceyregv.supabase.co/storage/v1/object/public/plantas/Guazuma%20ulmifolia%20Lam..jpg,"La corteza y hojas se usan en medicina tradicional para tratar diarrea, inflamación y afecciones respiratorias."
Gynerium sagittatum,Caña brava,América tropical,cultivada,hierba,https://cmncwioutljvdceyregv.supabase.co/storage/v1/object/public/plantas/Gynerium%20sagittatum.jpg,No es comestible; ingerirlo puede causar irritación digestiva.
Hedychium coronarium J.König,Blancas mariposas,India subcontinente de Taiwán,cultivada,hierba,https://cmncwioutljvdceyregv.supabase.co/storage/v1/object/public/plantas/Hedychium%20coronarium%20J.Konig.jpg,"En medicina tradicional se han usado sus rizomas para tratar inflamación, fiebre y algunas infecciones."
Helianthus annuus,Girasol,América boreal,cultivada,hierba,https://cmncwioutljvdceyregv.supabase.co/storage/v1/object/public/plantas/Helianthus%20annuus.jpg,Las semillas son nutritivas y ricas en aceites; se consumen como alimento y fuente de antioxidantes.
Heliconia bihai,Cachete colorado amarillo,Sur de México a Sudamérica,tolerada,hierba,https://cmncwioutljvdceyregv.supabase.co/storage/v1/object/public/plantas/Heliconia%20bihai.jpg,No se consume; no se reporta toxicidad fuerte pero puede causar malestar digestivo.
Heliconia latispatha,Tanaí platanillo,América tropical,silvestre,hierba,https://cmncwioutljvdceyregv.supabase.co/storage/v1/object/public/plantas/Heliconia%20latispatha.jpg,Igual que otras heliconias: no comestible; posible irritación estomacal.
Heliocarpus appendiculatus Turcz.,Corcho,México y Centroamérica,silvestre,árbol,https://cmncwioutljvdceyregv.supabase.co/storage/v1/object/public/plantas/Heliocarpus%20appendiculatus%20Turcz..jpg,Árbol cuya corteza se ha utilizado en medicina tradicional para tratar inflamaciones y afecciones cutáneas.
Heliocarpus donnellsmithii Rose,Jolotzin jolocin,México Guatemala y Nicaragua,silvestre,árbol,https://cmncwioutljvdceyregv.supabase.co/storage/v1/object/public/plantas/Heliocarpus%20donnellsmithii%20Rose.jpg,No se consume; ingerir partes puede causar malestar gastrointestinal.
Heliotropium indicum,Rabo de mico cola de alacrán,Cosmopolita,silvestre,hierba,https://cmncwioutljvdceyregv.supabase.co/storage/v1/object/public/plantas/Heliotropium%20indicum.jpg,"Se usa tradicionalmente para tratar heridas, inflamaciones y picaduras; algunas especies del género pueden ser tóxicas si se consumen en exceso."
Heliotropium ternatum,Heliotropo,América tropical,cultivada,arbusto,https://cmncwioutljvdceyregv.supabase.co/storage/v1/object/public/plantas/Heliotropium%20ternatum.jpg,Planta usada en medicina tradicional para tratar inflamaciones y afecciones cutáneas leves.
Hybanthus attenuatus (Humb. et Bonpl.) Baill.,Trébol,Mesoamérica,silvestre,hierba,https://cmncwioutljvdceyregv.supabase.co/storage/v1/object/public/plantas/Hybanthus%20attenuatus%20(Humb.%20et%20Bonpl.)%20Baill..jpg,"En algunas tradiciones se usa para tratar inflamaciones o infecciones leves, aunque su uso medicinal es poco documentado."
Impatiens balsamina,Miramellindo,India y sureste de Asia,cultivada,hierba,https://cmncwioutljvdceyregv.supabase.co/storage/v1/object/public/plantas/Impatiens%20balsamina.jpg,en medicina tradicional algunas partes se han usado para tratar inflamaciones de la piel y heridas leves.
Inga jinicuil,Cujinicuil jinicuil,México América tropical,cultivada,árbol,https://cmncwioutljvdceyregv.supabase.co/storage/v1/object/public/plantas/Inga%20jinicuil.jpg,El fruto es comestible y nutritivo; algunas preparaciones de la corteza se han usado tradicionalmente para problemas digestivos.
Inga punctata,Chelele biche,América tropical,silvestre tolerada,árbol,https://cmncwioutljvdceyregv.supabase.co/storage/v1/object/public/plantas/Inga%20punctata.jpg,El fruto (pulpa) puede ser comestible en algunas especies; no se reporta toxicidad común.
Inga vera,Guatope,América tropical,silvestre cultivada,árbol,https://cmncwioutljvdceyregv.supabase.co/storage/v1/object/public/plantas/Inga%20vera.jpg,en algunas regiones la corteza se ha usado en medicina tradicional para tratar diarrea.
Ipomoea aquatica,Nalta,América tropical,silvestre,bejuco,https://cmncwioutljvdceyregv.supabase.co/storage/v1/object/public/plantas/Ipomoea%20aquatica.jpg,en medicina tradicional se ha usado para favorecer la digestión.
Ipomoea batatas,Camote,América y Oeste de los Andes,cultivada,bejuco,https://cmncwioutljvdceyregv.supabase.co/storage/v1/object/public/plantas/Ipomoea%20batatas.jpg,Raíz comestible rica en vitaminas; se consume como alimento nutritivo y fuente de energía.
Ixora chinensis,Ixora,Sureste de China a Indo China,cultivada,arbusto,https://cmncwioutljvdceyregv.supabase.co/storage/v1/object/public/plantas/Ixora%20chinensis.jpg,se han usado flores y hojas para tratar diarrea o afecciones de la piel.
Jasminum sambac,Jazmín,Bhután a India,cultivada,hierba,https://cmncwioutljvdceyregv.supabase.co/storage/v1/object/public/plantas/Jasminum%20sambac.jpg,Las flores aromáticas se usan en infusiones y aromaterapia para promover la relajación y aliviar estrés leve.
Juanulloa mexicana (Cav.) J.L.Gentry,Carricillo,América,silvestre tolerada,hierba,https://cmncwioutljvdceyregv.supabase.co/storage/v1/object/public/plantas/Juanulloa%20mexicana%20(Cav.)%20J.L.Gentry.jpg,Pertenece a la familia del tomate; algunas especies contienen alcaloides que pueden causar náuseas o intoxicación leve.
Juncus effusus,Junco,Hemisferio Norte templado,silvestre,hierba,https://cmncwioutljvdceyregv.supabase.co/storage/v1/object/public/plantas/Juncus%20effusus.jpg,No se consume; ingerirlo puede causar irritación digestiva.
Justicia spicigera Schltdl.,Riñonina de playa añil tinta,México a Colombia,cultivada/silvestre,arbusto,https://cmncwioutljvdceyregv.supabase.co/storage/v1/object/public/plantas/Justicia%20spicigera%20Schltdl..jpg,"Muy usada en medicina tradicional para tratar anemia, problemas digestivos y para preparar infusiones medicinales."
Kalanchoe daigremontiana,Mala madre,América tropical,cultivada,hierba,https://cmncwioutljvdceyregv.supabase.co/storage/v1/object/public/plantas/Kalanchoe%20daigremontiana.jpg,En medicina tradicional se usa para tratar inflamación o heridas; su consumo interno puede ser tóxico y debe evitarse sin supervisión médica. 
Kalanchoe flammea,Belladona,América tropical,cultivada,hierba,https://cmncwioutljvdceyregv.supabase.co/storage/v1/object/public/plantas/Kalanchoe%20flammea.jpg,"algunas especies del género se han usado en medicina tradicional para inflamaciones,"
Kalanchoe pinnata,Pericón Sanalotodo,África tropical y Madagascar,cultivada,hierba,https://cmncwioutljvdceyregv.supabase.co/storage/v1/object/public/plantas/Kalanchoe%20pinnata.webp,"Muy usada en medicina tradicional para tratar heridas, inflamación, tos y problemas digestivos."
Lagenaria siceraria,Bush bejuco,África oriental,cultivada,hierba,https://cmncwioutljvdceyregv.supabase.co/storage/v1/object/public/plantas/Lagenaria%20siceraria.jpg,en medicina tradicional se ha usado para problemas digestivos.
Lantana camara L.,Cinco negritos,América tropical,silvestre,hierba,https://cmncwioutljvdceyregv.supabase.co/storage/v1/object/public/plantas/Lantana%20camara%20L..jpg,"en medicina tradicional se ha usado para tratar heridas y fiebre, pero sus frutos pueden ser tóxicos si se ingieren."
Leersia latifolia,Carrizo,Eurasia central,silvestre,hierba,https://cmncwioutljvdceyregv.supabase.co/storage/v1/object/public/plantas/Leersia%20latifolia.jpeg,Pasto no comestible; puede causar malestar estomacal leve.
Leucaena leucocephala,Guaje,Texas a México,cultivada,árbol,https://cmncwioutljvdceyregv.supabase.co/storage/v1/object/public/plantas/Leucaena%20leucocephala.jpg,en medicina tradicional se han usado para problemas digestivos y como antiparasitario.
Licania platypus,Pio choya de mico cabeza de mono caca de castilla,Mesoamérica,silvestre cultivada,árbol,https://cmncwioutljvdceyregv.supabase.co/storage/v1/object/public/plantas/Licania%20platypus.jpg,El fruto de algunas especies es comestible; no se reporta toxicidad significativa.
Lippia alba (Mill.) N.E.Br. ex Britton & P.Wilson,Te de la abuela,América tropical y subtropical,silvestre cultivada,arbusto,https://cmncwioutljvdceyregv.supabase.co/storage/v1/object/public/plantas/Lippia%20alba%20(Mill.)%20N.E.Br.%20ex%20Britton%20&%20P.Wilson.jpg,"Planta aromática usada en infusiones para tratar nerviosismo, insomnio, resfriados y problemas digestivos."
Lippia myriocephala Schltdl. & Cham.,Ceseniche,México a Centroamérica,silvestre,arbusto,https://cmncwioutljvdceyregv.supabase.co/storage/v1/object/public/plantas/Lippia%20myriocephala%20Schltdl.%20&%20Cham..jpg,"Planta aromática utilizada en medicina tradicional para tratar resfriados, fiebre y malestares digestivos."
Lonchocarpus hondurensis,Palo de gusano,Mesoamérica,silvestre,árbol,https://cmncwioutljvdceyregv.supabase.co/storage/v1/object/public/plantas/Lonchocarpus%20hondurensis.jpeg,usados tradicionalmente como insecticidas naturales; pueden ser tóxicos para humanos y animales.
Luehea speciosa Willd.,Patastillo,América tropical,silvestre,árbol,https://cmncwioutljvdceyregv.supabase.co/storage/v1/object/public/plantas/Luehea%20speciosa%20Willd..jpg,"La corteza se ha utilizado en medicina tradicional para tratar inflamaciones, heridas y problemas digestivos."
Luffa aegyptiaca,Estropajo,India,escapada de cultivo,bejuco,https://cmncwioutljvdceyregv.supabase.co/storage/v1/object/public/plantas/Luffa%20aegyptiaca.jpg,El fruto joven es comestible; el fruto maduro seco se usa como esponja natural para limpieza y exfoliación.
Lycianthes stephanocalyx (Brandegee) Bitter,Pichoso,Mesoamérica,silvestre tolerada,hierba,https://cmncwioutljvdceyregv.supabase.co/storage/v1/object/public/plantas/Lycianthes%20stephanocalyx%20(Brandegee)%20Bitter.jpg,Puede contener alcaloides como otras solanáceas; ingerirla puede causar náuseas o intoxicación leve.
Lycopersicon esculentum L.,Tomate riñón,Mesoamérica,cultivada,hierba,https://cmncwioutljvdceyregv.supabase.co/storage/v1/object/public/plantas/Lycopersicon%20esculentum%20L..jpg,Fruto ampliamente consumido como alimento; es rico en vitaminas y antioxidantes beneficiosos para la salud.
Mammea americana,Mamey,América tropical y Las Antillas,cultivada,árbol,https://cmncwioutljvdceyregv.supabase.co/storage/v1/object/public/plantas/Mammea%20americana.webp,El fruto es comestible y nutritivo; algunas partes del árbol se han usado tradicionalmente para tratar parásitos.
Mangifera indica L.,Mango,India,cultivada,árbol,https://cmncwioutljvdceyregv.supabase.co/storage/v1/object/public/plantas/Mangifera%20indica%20L..jpg,Fruto muy consumido por su valor nutricional; hojas y corteza se han usado en medicina tradicional para problemas digestivos.
Manilkara zapota (L.) P.Royen,Chicozapote chicle,Mesoamerica,silvestre,arbol,https://cmncwioutljvdceyregv.supabase.co/storage/v1/object/public/plantas/Manilkara%20zapota%20(L.)%20P.Royen.jpg,El fruto es comestible y dulce; del árbol se obtiene látex utilizado tradicionalmente para producir chicle.
Melanthera deltoidea,Molito,América tropical,silvestre,hierba,https://cmncwioutljvdceyregv.supabase.co/storage/v1/object/public/plantas/Melanthera%20deltoidea.jpg,Hierba silvestre usada en medicina tradicional para tratar inflamaciones y afecciones cutáneas.
Mirabilis jalapa,Maravilla,América tropical,cultivada,hierba,https://cmncwioutljvdceyregv.supabase.co/storage/v1/object/public/plantas/Mirabilis%20jalapa.webp,en medicina tradicional algunas partes se han usado para tratar inflamaciones y afecciones de la piel.
Momordica charantia,Cundeamor,África tropical,escapada de cultivo,bejuco,https://cmncwioutljvdceyregv.supabase.co/storage/v1/object/public/plantas/Momordica%20charantia.jpg,Planta medicinal utilizada tradicionalmente para ayudar a controlar niveles de glucosa y problemas digestivos.
Monstera deliciosa,Costilla de Adán,México y Centro América,cultivada/silvestre,epífita,https://cmncwioutljvdceyregv.supabase.co/storage/v1/object/public/plantas/Monstera%20deliciosa.webp,"El fruto solo es comestible cuando está completamente maduro; verde puede causar ardor, irritación en boca y garganta"
Muntingia calabura L.,Capulín,América tropical,tolerada,arbusto,https://cmncwioutljvdceyregv.supabase.co/storage/v1/object/public/plantas/Muntingia%20calabura%20L..avif,en medicina tradicional se ha usado para tratar resfriados y dolor de cabeza.
Murraya paniculata (L.) Jack,Limonaria muralla,Sureste asiatico Peninsula de Malasia,cultivada,arbusto,https://cmncwioutljvdceyregv.supabase.co/storage/v1/object/public/plantas/Murraya%20paniculata%20(L.)%20Jack.jpg,"en medicina tradicional se ha usado para tratar dolor e inflamación.
"
Musa acuminata,Plátano macho,Tanzania Asia tropical y subtropical,cultivada,árbol,https://cmncwioutljvdceyregv.supabase.co/storage/v1/object/public/plantas/Musa%20acuminata.jpg,"Fruto ampliamente consumido como alimento; rico en energía, vitaminas y minerales."
Musa x paradisiaca,Guineo banano,Indomalasia,cultivada,árbol,https://cmncwioutljvdceyregv.supabase.co/storage/v1/object/public/plantas/Musa%20x%20paradisiaca.jpg,Fruto comestible muy nutritivo; se consume fresco o cocido y es fuente importante de potasio.
Myriocarpa izabalensis (Donn. Sm.) Killip,Cholagogue,Mesoamérica,silvestre,árbol,https://cmncwioutljvdceyregv.supabase.co/storage/v1/object/public/plantas/Myriocarpa%20izabalensis%20(Donn.%20Sm.)%20Killip.jpg,Planta silvestre; se reporta en medicina tradicional para algunos malestares digestivos.
Myrmecophyla sp.,Tanito,Mesoamérica,silvestre,epífita,https://cmncwioutljvdceyregv.supabase.co/storage/v1/object/public/plantas/Myrmecophyla%20sp..jpg,Orquídea ornamental; no se consume y puede causar malestar digestivo leve.
Nicotiana tabacum L.,Tabaco,América tropical,cultivada,hierba,https://cmncwioutljvdceyregv.supabase.co/storage/v1/object/public/plantas/Nicotiana%20tabacum%20L..jpg,tradicionalmente se ha usado en rituales y como repelente de insectos.
Ochroma pyramidale,Pomoy jubiuy,América tropical,silvestre tolerada,árbol,https://cmncwioutljvdceyregv.supabase.co/storage/v1/object/public/plantas/Ochroma%20pyramidale.jpg,No se consume; ingerir partes puede causar irritación digestiva.
Odontonema callistachyum (Schltdl. & Cham.) Kuntze,Hoja de espanto,Mesoamérica,silvestre,hierba,https://cmncwioutljvdceyregv.supabase.co/storage/v1/object/public/plantas/Odontonema%20callistachyum%20(Schltdl.%20&%20Cham.)%20Kuntze.jpg,en medicina tradicional se ha usado para tratar sustos o malestares nerviosos.
Oeceoclades maculata,Orquídea de tierra,Sur de Florida México a América tropical,silvestre,hierba,https://cmncwioutljvdceyregv.supabase.co/storage/v1/object/public/plantas/Oeceoclades%20maculata.jpg,"Orquídea terrestre; no comestible, puede causar malestar digestivo."
Oecopetalum mexicanum,Cacaté,México,silvestre,árbol,https://cmncwioutljvdceyregv.supabase.co/storage/v1/object/public/plantas/Oecopetalum%20mexicanum.jpg,Árbol cuyo fruto es comestible y apreciado en algunas regiones; también se usa en preparaciones tradicionales.
Oncidium sphacelatum,Chorizo con huevo,México,silvestre,epífita,https://cmncwioutljvdceyregv.supabase.co/storage/v1/object/public/plantas/Oncidium%20sphacelatum.jpg,Orquídea ornamental; no comestible. puede causar vomito. 
Opuntia vulgaris,Nopal,América tropical,silvestre,arbusto,https://cmncwioutljvdceyregv.supabase.co/storage/v1/object/public/plantas/Opuntia%20vulgaris.jpg,Planta comestible muy utilizada en la alimentación; también se emplea tradicionalmente para problemas digestivos y control de glucosa.
Ormosia macrocalyx,Caracolillo,México América tropical,silvestre,árbol,https://cmncwioutljvdceyregv.supabase.co/storage/v1/object/public/plantas/Ormosia%20macrocalyx.jpg,Tóxica. Las semillas contienen compuestos venenosos; ingerirlas puede causar intoxicación grave
Pachira aquatica,Zapote de agua,México a Colombia,silvestre tolerada,árbol,https://cmncwioutljvdceyregv.supabase.co/storage/v1/object/public/plantas/Pachira%20aquatica.webp,"Las semillas pueden ser comestibles tostadas, pero crudas pueden causar malestar digestivo."
Pachystachys lutea Nees,Camaroncillo,Suroeste de América Suramérica,cultivada,arbusto,https://cmncwioutljvdceyregv.supabase.co/storage/v1/object/public/plantas/Pachystachys%20lutea%20Nees.jpg,No es una planta comestible y en algunos casos puede producir alergias y ardor en la piel. 
Panicum lumensaeus,Pajón,América tropical,silvestre,hierba,https://cmncwioutljvdceyregv.supabase.co/storage/v1/object/public/plantas/Panicum%20lumensaeus.jpg,ingerirlos puede causar irritación digestiva leve.
Panicum purpurascens,Zacate grito,África,cultivada,hierba,https://cmncwioutljvdceyregv.supabase.co/storage/v1/object/public/plantas/Panicum%20purpurascens.jpg,puede causar malestar digestivo.
Parmentiera aculeata,Cuajilote,México y Guatemala,cultivada,árbol,https://cmncwioutljvdceyregv.supabase.co/storage/v1/object/public/plantas/Parmentiera%20aculeata.webp,Árbol cuyo fruto se utiliza en medicina tradicional para tratar problemas respiratorios y digestivos.
Paspalum virgatum,Zacate cabezón,Estados Unidos México Centro y Sudamérica Caribe,silvestre,hierba,https://cmncwioutljvdceyregv.supabase.co/storage/v1/object/public/plantas/Paspalum%20virgatum.jpg,"Fruto generalmente comestible, pero en algunos casos puede provocar alergias. "
Passiflora ambigua,Jujo,América tropical,cultivada,bejuco,https://cmncwioutljvdceyregv.supabase.co/storage/v1/object/public/plantas/Passiflora%20ambigua.jpg,Fruto generalmente comestible; no se reporta toxicidad importante.
Passiflora coriacea,Hoja de murciélago,México a Bolivia,silvestre,bejuco,https://cmncwioutljvdceyregv.supabase.co/storage/v1/object/public/plantas/Passiflora%20coriacea.jpg,No se consume normalmente; ingerir partes puede causar malestar digestivo.
Passiflora edulis,Maracuyá,Brasil,cultivada,bejuco,https://cmncwioutljvdceyregv.supabase.co/storage/v1/object/public/plantas/Passiflora%20edulis.jpg,"Planta cultivada por su fruto comestible, utilizado en jugos y alimentos por su alto valor nutritivo."
Passiflora foetida,Jujillo peludo,Brasil trópicos de América,silvestre,bejuco,https://cmncwioutljvdceyregv.supabase.co/storage/v1/object/public/plantas/Passiflora%20foetida.jpg,Bejuco silvestre con fruto pequeño comestible; en medicina tradicional se usa para inflamaciones.
Passiflora ligularis,Jujillo,América tropical,silvestre,bejuco,https://cmncwioutljvdceyregv.supabase.co/storage/v1/object/public/plantas/Passiflora%20ligularis.webp,Fruto comestible y seguro.
Passiflora quadrangularis,Jugo melón,América del Sur,cultivada,bejuco,https://cmncwioutljvdceyregv.supabase.co/storage/v1/object/public/plantas/Passiflora%20quadrangularis.jpg,"Fruto comestible, aunque consumir demasiado puede causar somnolencia o malestar digestivo."
Passiflora serratifolia,Jujo ratón,América tropical,silvestre,bejuco,https://cmncwioutljvdceyregv.supabase.co/storage/v1/object/public/plantas/Passiflora%20serratifolia.avif,Fruto comestible; no se reportan efectos tóxicos relevantes.
Peperomia pellucida,Cristalillo,América tropical,silvestre,hierba,https://cmncwioutljvdceyregv.supabase.co/storage/v1/object/public/plantas/Peperomia%20pellucida.jpg,Hierba silvestre usada en medicina tradicional para aliviar inflamaciones y molestias renales.
Petiveria alliacea,Zorrillo,Sur de Estados Unidos a Sudamérica,silvestre,hierba,https://cmncwioutljvdceyregv.supabase.co/storage/v1/object/public/plantas/Petiveria%20alliacea.jpg,"Planta medicinal conocida por su olor fuerte; se usa tradicionalmente para infecciones, dolor e inflamaciones."
Petrea volubilis L.,Santa Rita San Diego,Centroamérica y Antillas menores,cultivada,arbusto,https://cmncwioutljvdceyregv.supabase.co/storage/v1/object/public/plantas/Petrea%20volubilis%20L..jpg,"Planta ornamental; no comestible, ingerirla puede causar malestar gastrointestinal."
Phaseolus acutifolius,Frijol sin tiempo,América,cultivada,hierba,https://cmncwioutljvdceyregv.supabase.co/storage/v1/object/public/plantas/Phaseolus%20acutifolius.jpeg,En algunas tradiciones se usa en la dieta para ayudar al control de la diabetes y mejorar la digestión.
Phaseolus calcaratus,Frijolillo,América,cultivada,bejuco,https://cmncwioutljvdceyregv.supabase.co/storage/v1/object/public/plantas/Phaseolus%20calcaratus.avif,en la medicina tradicional se usa en la dieta para mejorar la digestión y ayudar en el control de la glucosa.
Phaseolus coccineus,Frijol botí botí,América,cultivada,bejuco,https://cmncwioutljvdceyregv.supabase.co/storage/v1/object/public/plantas/Phaseolus%20coccineus.jpg,Sus semillas se consumen como alimento nutritivo; se asocia con mejorar la digestión y aportar energía.
Phaseolus lunatus,Frijol de leche,América,cultivada,bejuco,https://cmncwioutljvdceyregv.supabase.co/storage/v1/object/public/plantas/Phaseolus%20lunatus.jpg,Frijol comestible rico en proteínas; se utiliza en la alimentación para fortalecer el organismo y prevenir desnutrición.
Phaseolus vulgaris,Frijol de tierra,Mesoamérica,cultivada,hierba,https://cmncwioutljvdceyregv.supabase.co/storage/v1/object/public/plantas/Phaseolus%20vulgaris.jpg,En la dieta tradicional ayuda a controlar niveles de azúcar en sangre y mejorar la digestión.
Phlebodium aureum,Calahuala calaguala,Cosmopolita,silvestre,epífita,https://cmncwioutljvdceyregv.supabase.co/storage/v1/object/public/plantas/Phlebodium%20aureum.jpg,"Rizoma usado en medicina tradicional para problemas de la piel, psoriasis, alergias, inflamación y fortalecimiento del sistema inmunológico"
Phyla scaberrima (Juss. ex Pers.) Moldenke,Hierba dulce orozuz,América tropical,cultivada,hierba,https://cmncwioutljvdceyregv.supabase.co/storage/v1/object/public/plantas/Phyla%20scaberrima%20(Juss.%20ex%20Pers.)%20Moldenke.jpg,"Planta aromática usada en infusiones para tos, resfriados, dolor de garganta y problemas digestivos"
Phyllanthus urinaria,Rompe piedra,América tropical,cultivada,hierba,https://cmncwioutljvdceyregv.supabase.co/storage/v1/object/public/plantas/Phyllanthus%20urinaria.jpg,"Planta medicinal utilizada para cálculos renales, infecciones urinarias y problemas del hígado."
Piper auritum,Momo,Colombia,silvestre,hierba,https://cmncwioutljvdceyregv.supabase.co/storage/v1/object/public/plantas/Piper%20auritum.webp,"Se usa en la medicina tradicional para problemas digestivos, dolor estomacal, resfriados y tos."
Piper umbellatum,Momo de chombo,Sur de México a Sudamérica Antillas,silvestre,arbusto,https://cmncwioutljvdceyregv.supabase.co/storage/v1/object/public/plantas/Piper%20umbellatum.jpg,"Utilizada en infusiones o cataplasmas para inflamaciones, heridas y problemas digestivos."
Pithecellobium lanceolatum,Tucuy,México América tropical,silvestre,árbol,https://cmncwioutljvdceyregv.supabase.co/storage/v1/object/public/plantas/Pithecellobium%20lanceolatum.jpeg,Árbol cuya corteza se usa en medicina tradicional para tratar diarrea e infecciones leves.
Pithecellobium saman,Samán,América tropical,silvestre,árbol,https://cmncwioutljvdceyregv.supabase.co/storage/v1/object/public/plantas/Pithecellobium%20saman.jpg,En algunas tradiciones se usan partes del árbol para problemas respiratorios y afecciones digestivas.
Plantago major,Llanté,Norte de Europa y Asia central a Sudamérica,silvestre,hierba,https://cmncwioutljvdceyregv.supabase.co/storage/v1/object/public/plantas/Plantago%20major.jpg,"Planta medicinal muy conocida para heridas, infecciones, tos, inflamaciones y problemas digestivos."
Platymiscium yucatanum,Hormigo Palo marimba,América tropical,silvestre,árbol,https://cmncwioutljvdceyregv.supabase.co/storage/v1/object/public/plantas/Platymiscium%20yucatanum.jpeg,No es una planta alimenticia; ingerir partes de la corteza o madera puede causar irritación estomacal.
Pluchea odorata,Altamisa,América tropical,silvestre,hierba,https://cmncwioutljvdceyregv.supabase.co/storage/v1/object/public/plantas/Pluchea%20odorata.jpg,"Se usa en infusiones o baños para dolores menstruales, inflamación, fiebre y problemas digestivos."
Plumeria rubra L.,Flor de mayo,México y Centroamérica,cultivada/tolerada,árbol,https://cmncwioutljvdceyregv.supabase.co/storage/v1/object/public/plantas/Plumeria%20rubra%20L..jpg,"En medicina tradicional se utiliza para problemas de la piel, inflamación y fiebre; algunas preparaciones se usan para tos."
Polystachya rupicola,Jimba (Centro),América tropical,silvestre,hierba,https://cmncwioutljvdceyregv.supabase.co/storage/v1/object/public/plantas/Polystachya%20rupicola.jpg,"No se considera venenosa, pero no es comestible y puede causar malestar."
Porophyllum ruderale,Papaloquelite,México,silvestre tolerada,hierba,https://cmncwioutljvdceyregv.supabase.co/storage/v1/object/public/plantas/Porophyllum%20ruderale.jpg,"Hierba comestible usada para mejorar la digestión, aliviar gases y estimular el apetito."
Portulaca oleracea,Verdolaga,Cosmopolita,silvestre,hierba,https://cmncwioutljvdceyregv.supabase.co/storage/v1/object/public/plantas/Portulaca%20oleracea.jpg,"Planta comestible rica en nutrientes; se usa para problemas digestivos, inflamación y control de glucosa."
Portulaca pilosa,Mañanita,Norte de California Florida México,cultivada,hierba,https://cmncwioutljvdceyregv.supabase.co/storage/v1/object/public/plantas/Portulaca%20pilosa.jpg,"Se ha usado en medicina tradicional para problemas urinarios, inflamación y afecciones digestivas."
Pouteria campechiana (Kunth.) Baehni,Canistel,México a América Central,silvestre,árbol,https://cmncwioutljvdceyregv.supabase.co/storage/v1/object/public/plantas/Pouteria%20campechiana%20(Kunth.)%20Baehni.jpg,Fruto comestible rico en vitaminas; se consume para fortalecer el organismo y mejorar la nutrición.
Pouteria glomerata (Miq.) Radlk.,Chochó,México al Noreste de Argentina,silvestre,árbol,https://cmncwioutljvdceyregv.supabase.co/storage/v1/object/public/plantas/Pouteria%20glomerata%20(Miq.)%20Radlk..jpg,Consumir partes no maduras o desconocidas puede provocar malestar gastrointestinal.
Pouteria reticulata (Engl.) Eyma,Zapotillo,México a Bolivia,silvestre,árbol,https://cmncwioutljvdceyregv.supabase.co/storage/v1/object/public/plantas/Pouteria%20reticulata%20(Engl.)%20Eyma.jpg,algunas tradiciones mencionan su uso para problemas digestivos leves.
Pouteria sapota (Jacq.) H.E.Moore & Stearn,Zapote colorado,Trópicos americanos,cultivada silvestre,árbol,https://cmncwioutljvdceyregv.supabase.co/storage/v1/object/public/plantas/Pouteria%20sapota%20(Jacq.)%20H.E.Moore%20&%20Stearn.jpg,Fruto nutritivo; en medicina tradicional se ha usado para problemas digestivos y fortalecimiento del organismo.
Pseudobombax ellipticum,Tumbilís tumbilín,América tropical,silvestre,arbusto,https://cmncwioutljvdceyregv.supabase.co/storage/v1/object/public/plantas/Pseudobombax%20ellipticum.jpg,Árbol ornamental; algunas partes se han usado tradicionalmente para inflamaciones y afecciones cutáneas.
Pterocarpus hayesii,Palo de sangre,América tropical,silvestre,árbol,https://cmncwioutljvdceyregv.supabase.co/storage/v1/object/public/plantas/Pterocarpus%20hayesii.jpg,"En medicina tradicional la corteza se usa para tratar heridas, infecciones y problemas inflamatorios."
Pueraria hirsuta,Kudzu,Sureste de China,cultivada,bejuco,https://cmncwioutljvdceyregv.supabase.co/storage/v1/object/public/plantas/Pueraria%20hirsuta.jpg,"En medicina tradicional se usa para problemas digestivos, dolor de cabeza, fiebre y para ayudar en el tratamiento del alcoholismo."
Punica granatum,Granada,Sureste de Europa y Sur de Asia,cultivada,arbusto,https://cmncwioutljvdceyregv.supabase.co/storage/v1/object/public/plantas/Punica%20granatum.jpg,"El fruto y la cáscara se usan para diarrea, parásitos intestinales, infecciones y problemas digestivos."
Quararibea funebris,Molinillo,América Central,silvestre,árbol,https://cmncwioutljvdceyregv.supabase.co/storage/v1/object/public/plantas/Quararibea%20funebris.jpg,"Se usa en bebidas tradicionales; en medicina popular se emplea para problemas digestivos, nerviosismo y como relajante."
Ravenala madagascariensis Sonn.,Palma del viajero,Madagascar,cultivada,árbol,https://cmncwioutljvdceyregv.supabase.co/storage/v1/object/public/plantas/Ravenala%20madagascariensis%20Sonn..jpg,"No se considera altamente tóxica, pero no es una planta alimenticia; ingerir partes puede causar irritación digestiva."
Reinhardtia gracilis,Coquito,América tropical,cultivada,palma,https://cmncwioutljvdceyregv.supabase.co/storage/v1/object/public/plantas/Reinhardtia%20gracilis.jpg,"No hay registros de toxicidad grave, pero no es comestible y puede causar malestar digestivo."
Renealmia alpinia (Rottb.) Maas,Guá,África a Brasil,cultivada,hierba,https://cmncwioutljvdceyregv.supabase.co/storage/v1/object/public/plantas/Renealmia%20alpinia%20(Rottb.)%20Maas.jpg,"En medicina tradicional se usa para dolores estomacales, inflamación, infecciones y picaduras de insectos o serpientes"
Roldana oaxacana,Anís de estrella,México Guatemala y Honduras,cultivada,hierba,https://cmncwioutljvdceyregv.supabase.co/storage/v1/object/public/plantas/Roldana%20oaxacana.jpg,"Planta aromática usada en infusiones para problemas digestivos, gases y cólicos."
Rosa alba,Rosa blanca,China,cultivada,arbusto,https://cmncwioutljvdceyregv.supabase.co/storage/v1/object/public/plantas/Rosa%20alba.jpg,"Los pétalos se usan en infusiones o preparados para inflamación, irritaciones de la piel y estrés."
Rosa centifolia,Isabella,China,cultivada,arbusto,https://cmncwioutljvdceyregv.supabase.co/storage/v1/object/public/plantas/Rosa%20centifolia.jpg,"Se utiliza en medicina tradicional y cosmética para problemas de la piel, irritaciones y como relajante."
Rosa chinensis,Rosa roja,China,cultivada,arbusto,https://cmncwioutljvdceyregv.supabase.co/storage/v1/object/public/plantas/Rosa%20chinensis.jpg,"En infusiones o preparados se usa para problemas digestivos, inflamación y cuidado de la piel."
Rosa moschata,Rosa concha,Caucaso,cultivada,arbusto,https://cmncwioutljvdceyregv.supabase.co/storage/v1/object/public/plantas/Rosa%20moschata.jpg,"Se utiliza en medicina tradicional y cosmética para cuidado de la piel, cicatrización y propiedades antioxidantes."
Roystonea dunlapiana,Palma real,América tropical,cultivada,palma,https://cmncwioutljvdceyregv.supabase.co/storage/v1/object/public/plantas/Roystonea%20dunlapiana.jpeg,en algunas regiones se emplean partes de la palma para problemas digestivos leves y como alimento para animales.
Ruta chalepensis L.,Ruda,Mediterraneo,cultivada,hierba,https://cmncwioutljvdceyregv.supabase.co/storage/v1/object/public/plantas/Ruta%20chalepensis%20L..jpg,"Planta medicinal usada para dolores estomacales, cólicos, parásitos intestinales, nerviosismo y problemas menstruales."
Sabal mauritiiformis,Guano,México a Colombia,silvestre,palma,https://cmncwioutljvdceyregv.supabase.co/storage/v1/object/public/plantas/Sabal%20mauritiiformis.jpg,"No es tóxica conocida, pero ingerir hojas o partes vegetales puede causar irritación estomacal."
Sabal mexicana,Bonxan guano redondo o yucateco,México y Guatemala,silvestre tolerada,palma,https://cmncwioutljvdceyregv.supabase.co/storage/v1/object/public/plantas/Sabal%20mexicana.jpg,"Generalmente no es tóxica, pero no se considera alimento humano."
Saccharum officinarum,Caña de azúcar,Asia tropical,cultivada,hierba,https://cmncwioutljvdceyregv.supabase.co/storage/v1/object/public/plantas/Saccharum%20officinarum.webp,"El jugo se usa tradicionalmente para dolor de garganta, tos, deshidratación y como fuente rápida de energía."
Salacia elliptica,Gogo,América tropical,cultivada,árbol,https://cmncwioutljvdceyregv.supabase.co/storage/v1/object/public/plantas/Salacia%20elliptica.jpg,"En medicina tradicional se usa para problemas digestivos, diarrea y algunos padecimientos inflamatorios."
Salix humboldtiana Willd.,Sauce,Este de Asia,cultivada,arbol,https://cmncwioutljvdceyregv.supabase.co/storage/v1/object/public/plantas/Salix%20humboldtiana%20Willd..jpeg,"La corteza se usa para fiebre, dolor e inflamación, ya que contiene compuestos similares a la aspirina."
Sambucus mexicana,Sauco,América boreal y occidental,silvestre,arbusto,https://cmncwioutljvdceyregv.supabase.co/storage/v1/object/public/plantas/Sambucus%20mexicana.jpg,"Las flores y frutos se usan para resfriados, gripe, tos, fiebre y problemas respiratorios."
Sansevieria trifasciata,Cola de tigre,Zaire,cultivada,hierba,https://cmncwioutljvdceyregv.supabase.co/storage/v1/object/public/plantas/Sansevieria%20trifasciata.jpg,en medicina tradicional algunas partes se usan para heridas leves y dolor de oído.
Sapindus saponaria L.,Jaboncillo,America boreal austral,silvestre,arbol,https://cmncwioutljvdceyregv.supabase.co/storage/v1/object/public/plantas/Sapindus%20saponaria%20L..jpg,El fruto se usa como jabón natural; también se ha usado para problemas de la piel y como repelente de insectos.
Schizolobium parahyba,Guanacaste,América Central y Suramérica,cultivada,árbol,https://cmncwioutljvdceyregv.supabase.co/storage/v1/object/public/plantas/Schizolobium%20parahyba.webp,en medicina tradicional algunas partes se usan para problemas inflamatorios.
Scoparia dulcis L.,Cilantrillo,Este de Asia,silvestre,hierba,https://cmncwioutljvdceyregv.supabase.co/storage/v1/object/public/plantas/Scoparia%20dulcis%20L..jpg,"Planta medicinal usada para diabetes, problemas digestivos, infecciones urinarias y fiebre."
Sechium edule,Chayote,México,cultivada,bejuco,https://cmncwioutljvdceyregv.supabase.co/storage/v1/object/public/plantas/Sechium%20edule.avif,"Se consume como alimento y se usa tradicionalmente para controlar la presión alta, problemas digestivos y retención de líquidos."
Selenicereus testudo,Cruceta,América tropical,cultivada,arbusto,https://cmncwioutljvdceyregv.supabase.co/storage/v1/object/public/plantas/Sechium%20edule.avif,Cactus silvestre cuyo fruto puede consumirse; en medicina tradicional se ha usado para problemas digestivos leves.
Selenicereus undatus,Pitaya pitahaya,Centroamérica,cultivada,epífita,https://cmncwioutljvdceyregv.supabase.co/storage/v1/object/public/plantas/Selenicereus%20undatus.jpg,"El fruto es comestible y nutritivo; se consume para mejorar la digestión, fortalecer el sistema inmunológico y controlar el colesterol."
Senna fistula,Caña fístula,Sureste de Asia India y Sri Lanka,cultivada,árbol,https://cmncwioutljvdceyregv.supabase.co/storage/v1/object/public/plantas/Senna%20fistula.jpg,La pulpa del fruto se usa como laxante natural para tratar estreñimiento.
Senna fruticosa,Quelite,México América tropical,tolerada,arbusto,https://cmncwioutljvdceyregv.supabase.co/storage/v1/object/public/plantas/Senna%20fruticosa.jpg,En medicina tradicional algunas partes se usan para problemas digestivos e inflamación.
Senna multiglandulosa,Chipilín de leña,América tropical,silvestre,árbol,https://cmncwioutljvdceyregv.supabase.co/storage/v1/object/public/plantas/Senna%20multiglandulosa.jpg,Se ha usado tradicionalmente para problemas digestivos y como antiinflamatorio.
Senna occidentalis,Hormiguera,México,silvestre tolerada,hierba,https://cmncwioutljvdceyregv.supabase.co/storage/v1/object/public/plantas/Senna%20occidentalis.jpg,"Planta medicinal utilizada para problemas de la piel, fiebre, infecciones y problemas digestivos."
Sesamum indicum,Ajonjolí,Trópicos de África y Asia,cultivada,hierba,https://cmncwioutljvdceyregv.supabase.co/storage/v1/object/public/plantas/Sesamum%20indicum.jpg,"Las semillas se consumen por su valor nutritivo y se usan para fortalecer el organismo, mejorar la digestión y reducir colesterol."
Sicana odorifera,Melocotón,Asia y África tropical,cultivada,bejuco,https://cmncwioutljvdceyregv.supabase.co/storage/v1/object/public/plantas/Sicana%20odorifera.jpg,El fruto se consume como alimento; en medicina tradicional se usa para problemas respiratorios y digestivos.
Simira salvadorensis,Chacajabante,Sur de México y Centroamérica,silvestre,árbol,https://cmncwioutljvdceyregv.supabase.co/storage/v1/object/public/plantas/Simira%20salvadorensis.jpg,"En medicina tradicional se usa para dolores, inflamaciones y algunas infecciones."
Smilax hastata Jacq.,Bejuco de espina,Florida hasta Panamá,silvestre,bejuco,https://cmncwioutljvdceyregv.supabase.co/storage/v1/object/public/plantas/Smilax%20hastata%20Jacq..jpg,"Planta utilizada para reumatismo, problemas de la piel, inflamación y depuración de la sangre."
Solanum americanum Mill.,Hierbamora morada,América,silvestre,hierba,https://cmncwioutljvdceyregv.supabase.co/storage/v1/object/public/plantas/Solanum%20americanum%20Mill..jpg,"Se usa en medicina tradicional para inflamaciones, infecciones de la piel, dolor y problemas digestivos."
Solanum lanceifolium Jacq.,Uva de gato,Mesoamérica,silvestre,hierba,https://cmncwioutljvdceyregv.supabase.co/storage/v1/object/public/plantas/Solanum%20lanceifolium%20Jacq,"Planta utilizada para problemas respiratorios, tos, inflamación y afecciones de la piel."
Solanum lycopersicum L.,Tomatillo de milpa,México a Sudamérica,silvestre,hierba,https://cmncwioutljvdceyregv.supabase.co/storage/v1/object/public/plantas/Solanum%20lycopersicum%20L..jpg,tradicionalmente se usa para mejorar la digestión y aportar vitaminas al organismo.
Solanum nigrescens M.Martens & Galeotti,Hierbamora blanca,América,silvestre,hierba,https://cmncwioutljvdceyregv.supabase.co/storage/v1/object/public/plantas/Solanum%20nigrescens%20M.Martens%20&%20Galeotti.jpg,"Se utiliza para inflamaciones, dolor estomacal, infecciones y afecciones de la piel"
Solanum torvum Sw.,Berenjena cimarrona,Sur de México hasta el norte de Sudamérica,silvestre,arbusto,https://cmncwioutljvdceyregv.supabase.co/storage/v1/object/public/plantas/Solanum%20torvum%20Sw..webp,"Se consume como alimento y se usa para anemia, presión alta y fortalecer el sistema inmunológico."
Spathodea campanulata,Tulipán de la India,África tropical,cultivada,árbol,https://cmncwioutljvdceyregv.supabase.co/storage/v1/object/public/plantas/Spathodea%20campanulata.jpg,"En medicina tradicional se usa para problemas de la piel, inflamación y algunas infecciones."
Spigelia anthelmia,Lombricera hierba de la lombricera,América tropical,silvestre,hierba,https://cmncwioutljvdceyregv.supabase.co/storage/v1/object/public/plantas/Spigelia%20anthelmia.jpg,Se utiliza para eliminar parásitos intestinales y lombrices
Spondias mombin L.,Jobo,Trópico americano,cultivada/silvestre,árbol,https://cmncwioutljvdceyregv.supabase.co/storage/v1/object/public/plantas/Spondias%20mombin%20L..jpg,"La corteza y hojas se usan para diarrea, infecciones, inflamación y problemas digestivos."
Spondias purpurea,Nescafé,Sur de Asia,cultivada,árbol,https://cmncwioutljvdceyregv.supabase.co/storage/v1/object/public/plantas/Spondias%20purpurea%20L..jpg,"El fruto se consume y se usa para problemas digestivos, deshidratación y fortalecimiento del organismo"
Spondias purpurea L.,Ciruela,Mesoamérica,cultivada,árbol,https://cmncwioutljvdceyregv.supabase.co/storage/v1/object/public/plantas/Spondias%20purpurea.jpg,"El fruto se consume y se usa para mejorar la digestión, aliviar estreñimiento y aportar vitaminas."
Stachytarpheta jamaicensis (L.) Vahl,Verbena,América tropical,silvestre,hierba,https://cmncwioutljvdceyregv.supabase.co/storage/v1/object/public/plantas/Stachytarpheta%20jamaicensis%20(L.)%20Vahl.jpg,"Se usa en infusiones para problemas digestivos, fiebre, inflamación y resfriados."
Sterculia apetala (Jacq.) H.Karst.,Bellota,América Central,silvestre,árbol,https://cmncwioutljvdceyregv.supabase.co/storage/v1/object/public/plantas/Sterculia%20apetala%20(Jacq.)%20H.Karst..jpg,Crudas pueden causar intoxicación o malestar gastrointestinal.
Strelitzia reginae Banks,Ave del paraíso,Madagascar,cultivada,hierba,https://cmncwioutljvdceyregv.supabase.co/storage/v1/object/public/plantas/Strelitzia%20reginae%20Banks.jpg,"Las semillas y partes de la planta contienen compuestos que pueden causar vómitos, diarrea y malestar digestivo."
Syzygium jambos,Pomarrosa,Sureste de Asia,cultivada,árbol,https://cmncwioutljvdceyregv.supabase.co/storage/v1/object/public/plantas/Syzygium%20jambos.jpg,"El fruto y hojas se usan en medicina tradicional para diarrea, fiebre, problemas digestivos y resfriados."
Tabebuia rosea,Macuilis,América tropical,cultivada,árbol,https://cmncwioutljvdceyregv.supabase.co/storage/v1/object/public/plantas/Tabebuia%20rosea.jpg,"La corteza y hojas se usan tradicionalmente para infecciones, fiebre, inflamación y problemas digestivos."
Tagetes erecta,Cempasúchil,México y Centroamérica,cultivada,hierba,https://cmncwioutljvdceyregv.supabase.co/storage/v1/object/public/plantas/Tagetes%20erecta.jpg,"Se usa en infusiones para dolores estomacales, parásitos intestinales y problemas digestivos."
Tagetes lucida,Anís de estrella,México Guatemala y Honduras,cultivada,hierba,https://cmncwioutljvdceyregv.supabase.co/storage/v1/object/public/plantas/Tagetes%20lucida.jpg,"Planta medicinal usada para dolor estomacal, nerviosismo, resfriados y problemas digestivos."
Talisia olivaeformis (Kunth) Radlk.,Guayo guaya,Mexico,silvestre,arbol,https://cmncwioutljvdceyregv.supabase.co/storage/v1/object/public/plantas/Talisia%20olivaeformis%20(Kunth)%20Radlk..webp,El fruto se consume y se usa tradicionalmente para problemas digestivos y como alimento energético.
Tamarindus indica,Tamarindo,Asia,cultivada,árbol,https://cmncwioutljvdceyregv.supabase.co/storage/v1/object/public/plantas/Tamarindus%20indica.jpg,"El fruto se usa para estreñimiento, fiebre, problemas digestivos y deshidratación."
Tecoma stans,Guayacán,América Central y del Sur,silvestre tolerada,árbol,https://cmncwioutljvdceyregv.supabase.co/storage/v1/object/public/plantas/Tecoma%20stans.jpg,"Planta medicinal usada para diabetes, problemas digestivos y fiebre."
Tectona grandis L.f.,Teca,India Birmania Tailandia Java e Indonesia,cultivada,árbol,https://cmncwioutljvdceyregv.supabase.co/storage/v1/object/public/plantas/Tectona%20grandis%20L.f..jpg,Ingerir hojas o corteza puede provocar irritación gastrointestinal; el polvo de madera puede causar alergias o irritación en piel y vías respiratorias.
Terminalia catappa,Almendra,Asia tropical,cultivada,árbol,https://cmncwioutljvdceyregv.supabase.co/storage/v1/object/public/plantas/Terminalia%20catappa.jpg,"Las hojas y frutos se usan para problemas digestivos, diarrea, infecciones y presión alta."
Thelypteris tetragona (Sw.) Small,Helecho,Caribe,silvestre,hierba,https://cmncwioutljvdceyregv.supabase.co/storage/v1/object/public/plantas/Thelypteris%20tetragona%20(Sw.)%20Small.jpg,"s se usan tradicionalmente para problemas de la piel e inflamación, aunque su uso medicinal es limitado."
Theobroma cacao L.,Cacao,Mesoamérica,cultivada,árbol,https://cmncwioutljvdceyregv.supabase.co/storage/v1/object/public/plantas/Theobroma%20cacao%20L..jpg,"Las semillas se consumen como alimento y bebida; tradicionalmente se usa para energía, mejorar el estado de ánimo y problemas digestivos leves."
Tiarella cordifolia (Thunb.) Ser.,Hortensia,Japon Corea,cultivada,hierba,https://cmncwioutljvdceyregv.supabase.co/storage/v1/object/public/plantas/Tiarella%20cordifolia%20(Thunb.)%20Ser..jpg,en medicina tradicional algunas especies relacionadas se usan para problemas urinarios y renales.
Tillandsia usneoides,Paistle de nacimiento,América tropical,silvestre,epífita,https://cmncwioutljvdceyregv.supabase.co/storage/v1/object/public/plantas/Tillandsia%20usneoides.webp,"Se usa en medicina tradicional para tos, resfriados, inflamación y problemas respiratorios."
Tithonia diversifolia,Árnica,Sur de México hasta Centroamérica,silvestre,arbusto,https://cmncwioutljvdceyregv.supabase.co/storage/v1/object/public/plantas/Tithonia%20diversifolia.jpg,"Se utiliza para golpes, inflamación, dolor muscular y cicatrización de heridas."
Tradescantia spathacea,Maguey morado,México El Caribe y Centroamérica,cultivada,hierba,https://cmncwioutljvdceyregv.supabase.co/storage/v1/object/public/plantas/Tradescantia%20spathacea.jpg,"Planta medicinal usada para tos, gripe, inflamación y problemas respiratorios."
Tradescantia zebrina,Matali,América tropical,silvestre cultivada,hierba,https://cmncwioutljvdceyregv.supabase.co/storage/v1/object/public/plantas/Tradescantia%20zebrina.jpg,"Se usa tradicionalmente para problemas digestivos, infecciones urinarias y control de azúcar en la sangre."
Trema micrantha (L.) Blume,Cuero de vieja capulín,México y sur de Florida,silvestre,árbol,https://cmncwioutljvdceyregv.supabase.co/storage/v1/object/public/plantas/Trema%20micrantha%20(L.)%20Blume.jpg,"Se emplea para diarrea, inflamación, problemas digestivos y algunas infecciones."
Trichospermum mexicanum (DC.) Baill.,Palencano,América tropical,silvestre,árbol,https://cmncwioutljvdceyregv.supabase.co/storage/v1/object/public/plantas/Trichospermum%20mexicanum%20(DC.)%20Baill..jpg,"En medicina tradicional se usa para problemas respiratorios, inflamación y dolor."
Tynanthus guatemalensis,Chichimecate,América Central,silvestre,bejuco,https://cmncwioutljvdceyregv.supabase.co/storage/v1/object/public/plantas/Tynanthus%20guatemalensis.jpg,"Bejuco medicinal usado para dolores, inflamación y problemas digestivos."
Typha domingensis Pers.,Tule,América,silvestre,hierba,https://cmncwioutljvdceyregv.supabase.co/storage/v1/object/public/plantas/Typha%20domingensis%20Pers..jpg,"En medicina tradicional se usa para heridas, inflamaciones y problemas de la piel."
Typha latifolia L.,Espadaña,Hemisferio Norte templado a Centroamérica sur de Nigeria y Kenia,silvestre,hierba,https://cmncwioutljvdceyregv.supabase.co/storage/v1/object/public/plantas/Typha%20latifolia%20L..jpg,"Se utiliza para quemaduras, heridas y problemas inflamatorios de la piel."
Urera alceifolia Gaud.,Hoja de tigre,América tropical,silvestre,arbusto,https://cmncwioutljvdceyregv.supabase.co/storage/v1/object/public/plantas/Urera%20alceifolia%20Gaud..jpg,"Se usa en medicina tradicional para inflamaciones, dolor y problemas de la piel"
Usnea barbata L.,Barba de viejo,América tropical,silvestre,epífita,https://cmncwioutljvdceyregv.supabase.co/storage/v1/object/public/plantas/Usnea%20barbata%20L..jpeg,"Liquen medicinal usado para infecciones, problemas respiratorios y como antibiótico natural."
Vasconcellea cauliflora,Papayita,América,cultivada,árbol,https://cmncwioutljvdceyregv.supabase.co/storage/v1/object/public/plantas/Vasconcellea%20cauliflora.jpg,"El fruto y hojas se utilizan para problemas digestivos, parásitos intestinales y mejorar la digestión."
Vernonia deppeana,Malacate,Centroamérica México,silvestre,arbusto,https://cmncwioutljvdceyregv.supabase.co/storage/v1/object/public/plantas/Vernonia%20deppeana.jpg,"Se usa tradicionalmente para problemas digestivos, fiebre e inflamación."
Vetiveria zizanioides,Vetiver,Asia tropical,cultivada,hierba,https://cmncwioutljvdceyregv.supabase.co/storage/v1/object/public/plantas/Vetiveria%20zizanioides.jpg,"La raíz se utiliza para calmar nervios, reducir estrés, fiebre y problemas de la piel."
Vigna sinensis,Frijol rojo,Cosmopolita,cultivada,bejuco,https://cmncwioutljvdceyregv.supabase.co/storage/v1/object/public/plantas/Vigna%20sinensis.jpg,"Se consume como alimento nutritivo; tradicionalmente se considera útil para anemia, energía y fortalecimiento del organismo."
Vigna unguiculata,Frijol pelón,Cosmopolita,cultivada,bejuco,https://cmncwioutljvdceyregv.supabase.co/storage/v1/object/public/plantas/Vigna%20unguiculata.jpg,"Se consume como alimento y se relaciona con mejorar la nutrición, fortalecer el organismo y prevenir anemia."
Viguiera dentata,Jimba (Tacotalpa),México y Costa Rica,silvestre,árbol,https://cmncwioutljvdceyregv.supabase.co/storage/v1/object/public/plantas/Viguiera%20dentata.jpg,"Se usa en medicina tradicional para dolores, inflamación y algunos problemas digestivos."
Vitis tiliifolia Humb. et Bonpl. ex Roem. et Schult.,Uvita o parra,México a Honduras,silvestre,bejuco,https://cmncwioutljvdceyregv.supabase.co/storage/v1/object/public/plantas/Vitis%20tiliifolia%20Humb.%20et%20Bonpl.%20ex%20Roem.%20et%20Schult..jpg,"Los frutos se consumen y se utilizan para problemas digestivos, debilidad y como antioxidante natural."
Vochysia guatemalensis Donn. Sm.,Neguí macá blanca,América tropical,arból,silvestre,https://cmncwioutljvdceyregv.supabase.co/storage/v1/object/public/plantas/Vochysia%20guatemalensis%20Donn.%20Sm..jpg,Principalmente árbol maderable; en medicina tradicional algunas partes se usan para inflamaciones y afecciones de la piel.
Witheringia meiantha (Donn. Sm.) Hunz.,Cuía ashante cunagua,Mesoamérica,silvestre,hierba,https://cmncwioutljvdceyregv.supabase.co/storage/v1/object/public/plantas/Witheringia%20meiantha%20(Donn.%20Sm.)%20Hunz..jpg,"Se usa en medicina tradicional para problemas respiratorios, fiebre y dolor."
Xiphidium caeruleum,Florecita blanca,México a América tropical,silvestre,hierba,https://cmncwioutljvdceyregv.supabase.co/storage/v1/object/public/plantas/Xiphidium%20caeruleum.jpg,En algunas regiones se emplea para problemas digestivos e inflamación.
Zamia furfuracea L.f.,Palma (Teapa),América tropical,silvestre,palma,https://cmncwioutljvdceyregv.supabase.co/storage/v1/object/public/plantas/Zamia%20furfuracea%20L.f..jpg,"No medicinal: La planta contiene compuestos tóxicos (cicasina).
Puede causar vómitos, daño hepático y problemas neurológicos si se ingiere."
Zamia loddigesii Miq.,Palmita,Sudamericano,silvestre,palma,https://cmncwioutljvdceyregv.supabase.co/storage/v1/object/public/plantas/Zamia%20loddigesii%20Miq..jpg,"Contiene cicasina, una sustancia tóxica.
Ingerir partes de la planta puede provocar intoxicación grave."
Zanthoxylum riedelianum Engl.,Cola de lagarto rabo de lagarto,America tropical,silvestre,arbol,https://cmncwioutljvdceyregv.supabase.co/storage/v1/object/public/plantas/Zanthoxylum%20riedelianum%20Engl..jpg,"Se utiliza tradicionalmente para dolor dental, inflamación y problemas digestivos."
Zea mays,Maíz,América,cultivada,hierba,https://cmncwioutljvdceyregv.supabase.co/storage/v1/object/public/plantas/Zea%20mays.jpg,"Los estigmas o “cabellos de maíz” se usan en infusión para problemas urinarios, riñones e inflamación."
Zephyranthes lindleyana Herb.,Brujita,México a Guatemala,cultivada/silvestre,hierba,https://cmncwioutljvdceyregv.supabase.co/storage/v1/object/public/plantas/Zephyranthes%20lindleyana%20Herb..webp,"Planta ornamental; algunas especies del género se han usado para dolor o inflamación, aunque su uso medicinal es limitado."
Zingiber officinale Roscoe,Jengibre,Sureste de Asia,cultivada,hierba,https://cmncwioutljvdceyregv.supabase.co/storage/v1/object/public/plantas/Zingiber%20officinale%20Roscoe.webp,"Se usa ampliamente para resfriados, tos, náuseas, problemas digestivos e inflamación."
Zinnia violacea,Carolina,México,silvestre,hierba,https://cmncwioutljvdceyregv.supabase.co/storage/v1/object/public/plantas/Zinnia%20violacea.jpg,en medicina tradicional se ha usado para inflamaciones leves y problemas de la piel.
